Folder,Dialogue_ID,Utterance_ID,Emotion,Emotion_Guess
dev,0,0,sad,hap
dev,100,0,neu,hap
dev,101,0,sad,hap
dev,102,0,neu,hap
dev,102,1,neu,neu
dev,103,0,neu,hap
dev,103,1,sad,hap
dev,103,2,hap,neu
dev,103,3,neu,hap
dev,103,4,hap,neu
dev,104,0,hap,hap
dev,104,14,hap,hap
dev,104,15,ang,hap
dev,104,1,sad,hap
dev,104,2,hap,neu
dev,104,3,neu,neu
dev,104,5,ang,neu
dev,104,6,hap,neu
dev,104,7,hap,hap
dev,105,0,neu,hap
dev,105,10,ang,hap
dev,105,11,ang,hap
dev,105,1,neu,neu
dev,105,2,ang,hap
dev,105,3,ang,hap
dev,105,4,hap,hap
dev,105,5,neu,hap
dev,105,6,neu,hap
dev,105,7,neu,hap
dev,105,8,hap,hap
dev,105,9,hap,hap
dev,106,0,neu,hap
dev,106,1,neu,hap
dev,106,2,neu,hap
dev,106,3,neu,hap
dev,106,4,hap,hap
dev,106,5,neu,hap
dev,107,0,neu,hap
dev,107,1,neu,hap
dev,108,10,hap,hap
dev,108,11,hap,hap
dev,108,13,neu,hap
dev,108,14,neu,hap
dev,108,3,ang,hap
dev,108,4,ang,neu
dev,108,5,ang,hap
dev,108,6,ang,hap
dev,108,8,sad,hap
dev,108,9,neu,hap
dev,109,0,neu,hap
dev,109,1,hap,hap
dev,109,3,sad,hap
dev,109,4,ang,hap
dev,109,5,neu,hap
dev,109,6,neu,neu
dev,109,7,neu,hap
dev,10,0,neu,neu
dev,10,1,neu,hap
dev,10,3,hap,hap
dev,10,4,ang,hap
dev,10,5,ang,neu
dev,10,6,ang,neu
dev,10,7,ang,hap
dev,10,8,neu,hap
dev,10,9,neu,hap
dev,110,0,neu,hap
dev,110,1,neu,hap
dev,110,2,neu,hap
dev,110,3,neu,hap
dev,110,4,neu,hap
dev,110,5,hap,hap
dev,110,6,hap,hap
dev,110,8,hap,hap
dev,110,9,hap,hap
dev,111,0,ang,hap
dev,111,1,neu,hap
dev,111,2,neu,hap
dev,112,0,ang,hap
dev,112,1,sad,hap
dev,112,2,neu,hap
dev,112,3,sad,hap
dev,112,4,neu,neu
dev,113,0,neu,hap
dev,113,10,sad,hap
dev,113,11,sad,hap
dev,113,12,sad,hap
dev,113,13,sad,hap
dev,113,1,sad,neu
dev,113,2,neu,neu
dev,113,3,sad,neu
dev,113,4,neu,hap
dev,113,5,neu,hap
dev,113,7,neu,hap
dev,113,8,sad,hap
dev,113,9,sad,hap
dev,11,0,neu,hap
dev,11,10,ang,hap
dev,11,11,neu,neu
dev,11,12,ang,hap
dev,11,1,neu,hap
dev,11,2,neu,neu
dev,11,4,ang,hap
dev,11,6,neu,hap
dev,11,8,ang,hap
dev,11,9,neu,neu
dev,12,0,neu,hap
dev,12,1,neu,neu
dev,12,2,neu,neu
dev,12,4,sad,hap
dev,13,0,neu,neu
dev,13,16,hap,hap
dev,13,17,neu,hap
dev,13,18,hap,hap
dev,13,1,ang,hap
dev,13,20,hap,neu
dev,13,21,hap,hap
dev,13,2,hap,hap
dev,13,3,hap,hap
dev,13,4,hap,hap
dev,13,8,hap,hap
dev,13,9,hap,hap
dev,14,0,hap,neu
dev,14,1,neu,hap
dev,14,2,neu,hap
dev,14,3,neu,neu
dev,14,4,ang,hap
dev,14,5,sad,neu
dev,14,6,sad,hap
dev,14,7,sad,hap
dev,14,8,ang,hap
dev,15,0,hap,hap
dev,15,1,hap,neu
dev,15,3,neu,hap
dev,15,5,neu,neu
dev,16,0,neu,hap
dev,16,10,sad,neu
dev,16,11,ang,hap
dev,16,12,ang,hap
dev,16,13,neu,hap
dev,16,14,sad,neu
dev,16,15,neu,hap
dev,16,16,ang,neu
dev,16,17,ang,hap
dev,16,18,sad,hap
dev,16,1,sad,hap
dev,16,3,hap,hap
dev,16,4,ang,hap
dev,16,5,neu,neu
dev,16,6,ang,hap
dev,16,7,ang,hap
dev,16,8,neu,hap
dev,17,0,ang,hap
dev,17,1,ang,hap
dev,17,2,ang,hap
dev,17,3,ang,hap
dev,17,4,ang,hap
dev,18,0,neu,neu
dev,18,10,ang,hap
dev,18,11,neu,hap
dev,18,13,ang,hap
dev,18,1,neu,neu
dev,18,2,neu,hap
dev,18,3,neu,hap
dev,18,9,neu,hap
dev,19,0,neu,neu
dev,19,10,sad,neu
dev,19,11,neu,hap
dev,19,12,neu,hap
dev,19,13,ang,hap
dev,19,14,sad,hap
dev,19,15,neu,hap
dev,19,16,hap,hap
dev,19,17,neu,hap
dev,19,18,sad,hap
dev,19,19,hap,hap
dev,19,1,ang,hap
dev,19,20,sad,hap
dev,19,21,hap,hap
dev,19,22,sad,neu
dev,19,2,ang,neu
dev,19,3,ang,hap
dev,19,4,ang,hap
dev,19,5,ang,hap
dev,19,6,ang,neu
dev,19,7,ang,neu
dev,19,8,neu,hap
dev,19,9,ang,hap
dev,1,0,neu,hap
dev,1,11,ang,hap
dev,1,12,neu,hap
dev,1,13,hap,hap
dev,1,14,neu,hap
dev,1,15,neu,neu
dev,1,1,hap,hap
dev,1,2,sad,hap
dev,1,3,neu,hap
dev,1,4,neu,hap
dev,1,5,hap,neu
dev,1,6,neu,hap
dev,1,8,neu,neu
dev,1,9,neu,hap
dev,20,0,neu,hap
dev,20,1,neu,hap
dev,20,2,hap,hap
dev,20,3,neu,hap
dev,21,0,neu,hap
dev,21,1,neu,hap
dev,21,2,neu,hap
dev,21,3,neu,hap
dev,21,4,neu,hap
dev,21,5,neu,hap
dev,22,0,neu,hap
dev,22,10,neu,neu
dev,22,1,neu,neu
dev,22,2,neu,hap
dev,22,4,neu,neu
dev,22,5,neu,hap
dev,22,6,ang,neu
dev,22,7,neu,neu
dev,22,8,neu,neu
dev,22,9,neu,hap
dev,23,0,neu,hap
dev,23,10,sad,neu
dev,23,11,sad,hap
dev,23,12,sad,hap
dev,23,13,sad,neu
dev,23,1,sad,hap
dev,23,2,sad,hap
dev,23,4,sad,hap
dev,23,7,sad,hap
dev,23,8,neu,hap
dev,24,0,neu,hap
dev,24,1,neu,neu
dev,24,2,sad,hap
dev,24,3,neu,hap
dev,24,4,hap,hap
dev,24,5,neu,neu
dev,24,6,neu,neu
dev,24,7,ang,neu
dev,25,0,ang,hap
dev,25,2,ang,hap
dev,25,3,ang,hap
dev,25,4,sad,hap
dev,25,5,ang,hap
dev,26,0,neu,hap
dev,26,10,sad,hap
dev,26,11,sad,hap
dev,26,12,ang,hap
dev,26,13,ang,hap
dev,26,14,ang,hap
dev,26,15,ang,hap
dev,26,16,sad,hap
dev,26,3,neu,hap
dev,26,4,neu,hap
dev,26,5,neu,hap
dev,26,7,sad,hap
dev,26,8,ang,hap
dev,26,9,sad,hap
dev,27,1,neu,hap
dev,27,3,sad,hap
dev,27,4,neu,hap
dev,27,6,ang,neu
dev,27,7,neu,hap
dev,28,0,neu,hap
dev,28,10,neu,hap
dev,28,1,sad,hap
dev,28,2,hap,hap
dev,28,3,neu,hap
dev,28,4,neu,hap
dev,28,5,sad,hap
dev,28,6,sad,neu
dev,28,7,hap,hap
dev,28,9,neu,hap
dev,29,0,ang,hap
dev,29,10,hap,hap
dev,29,1,neu,hap
dev,29,2,sad,hap
dev,29,3,sad,hap
dev,29,4,neu,hap
dev,29,5,neu,neu
dev,29,6,neu,hap
dev,29,7,neu,hap
dev,29,8,ang,hap
dev,29,9,ang,hap
dev,2,0,neu,hap
dev,2,4,hap,hap
dev,2,5,neu,hap
dev,30,10,hap,hap
dev,30,11,neu,hap
dev,30,12,neu,hap
dev,30,13,ang,hap
dev,30,14,ang,hap
dev,30,15,ang,hap
dev,30,16,ang,hap
dev,30,17,ang,hap
dev,30,18,neu,neu
dev,30,3,sad,hap
dev,30,4,ang,hap
dev,30,6,neu,hap
dev,30,7,neu,hap
dev,30,8,hap,hap
dev,30,9,hap,hap
dev,31,0,sad,hap
dev,31,10,hap,hap
dev,31,11,ang,hap
dev,31,12,hap,hap
dev,31,2,sad,hap
dev,31,3,neu,hap
dev,31,4,neu,hap
dev,31,5,sad,hap
dev,31,6,hap,neu
dev,31,7,hap,hap
dev,31,8,hap,hap
dev,31,9,hap,hap
dev,32,0,neu,hap
dev,32,10,neu,hap
dev,32,11,neu,hap
dev,32,12,neu,neu
dev,32,13,neu,neu
dev,32,1,neu,neu
dev,32,3,neu,neu
dev,32,4,neu,hap
dev,32,5,neu,hap
dev,32,6,neu,hap
dev,32,7,neu,hap
dev,32,8,neu,hap
dev,32,9,ang,hap
dev,33,0,sad,hap
dev,33,1,neu,hap
dev,34,0,neu,hap
dev,34,10,hap,neu
dev,34,1,neu,neu
dev,34,2,neu,hap
dev,34,3,neu,hap
dev,34,4,neu,hap
dev,34,5,neu,neu
dev,34,8,sad,hap
dev,34,9,neu,hap
dev,35,0,neu,neu
dev,36,1,neu,hap
dev,36,2,neu,neu
dev,36,3,neu,neu
dev,36,4,neu,hap
dev,36,5,sad,hap
dev,36,7,neu,neu
dev,36,8,neu,neu
dev,37,0,neu,hap
dev,37,10,neu,hap
dev,38,0,ang,hap
dev,39,0,neu,hap
dev,39,1,hap,hap
dev,39,2,hap,hap
dev,3,0,neu,hap
dev,3,1,hap,hap
dev,40,10,hap,hap
dev,40,1,neu,hap
dev,40,3,neu,neu
dev,40,6,ang,neu
dev,40,7,neu,hap
dev,40,9,sad,hap
dev,41,0,neu,hap
dev,41,1,neu,neu
dev,41,2,neu,hap
dev,42,0,ang,neu
dev,42,1,ang,neu
dev,42,2,neu,neu
dev,42,3,neu,neu
dev,42,4,ang,neu
dev,43,0,neu,neu
dev,43,1,neu,neu
dev,44,0,sad,hap
dev,44,10,hap,neu
dev,44,11,neu,hap
dev,44,1,ang,hap
dev,44,2,neu,hap
dev,44,3,neu,hap
dev,44,4,neu,hap
dev,44,5,hap,hap
dev,44,6,neu,hap
dev,44,7,hap,neu
dev,44,8,neu,neu
dev,44,9,neu,neu
dev,45,0,neu,hap
dev,45,10,neu,neu
dev,45,1,neu,neu
dev,45,2,neu,hap
dev,45,4,neu,neu
dev,45,5,neu,hap
dev,45,6,neu,hap
dev,45,7,neu,hap
dev,45,8,neu,hap
dev,46,0,neu,neu
dev,46,1,neu,hap
dev,46,2,neu,neu
dev,46,3,neu,neu
dev,46,6,neu,hap
dev,46,7,neu,hap
dev,46,9,neu,hap
dev,47,0,neu,hap
dev,47,10,neu,hap
dev,47,1,neu,hap
dev,47,2,neu,hap
dev,47,3,neu,neu
dev,47,4,neu,hap
dev,47,6,hap,hap
dev,47,8,neu,hap
dev,48,0,neu,hap
dev,48,1,hap,hap
dev,48,2,hap,hap
dev,48,4,neu,hap
dev,48,5,neu,hap
dev,48,7,sad,hap
dev,49,0,ang,hap
dev,49,10,ang,hap
dev,49,11,ang,hap
dev,49,12,neu,neu
dev,49,13,ang,hap
dev,49,14,neu,hap
dev,49,2,ang,hap
dev,49,3,ang,hap
dev,49,6,ang,hap
dev,49,7,ang,hap
dev,49,8,neu,hap
dev,49,9,ang,neu
dev,4,0,neu,hap
dev,4,10,neu,hap
dev,4,14,neu,neu
dev,4,1,neu,neu
dev,4,3,neu,hap
dev,4,4,neu,hap
dev,4,5,neu,hap
dev,4,6,ang,hap
dev,4,7,neu,hap
dev,4,8,neu,hap
dev,50,2,ang,neu
dev,50,3,neu,hap
dev,51,0,neu,hap
dev,51,1,hap,hap
dev,51,2,neu,neu
dev,51,3,neu,hap
dev,51,4,neu,hap
dev,51,5,neu,hap
dev,51,6,ang,hap
dev,52,0,neu,hap
dev,52,1,hap,hap
dev,52,2,neu,hap
dev,53,0,hap,neu
dev,53,1,neu,neu
dev,53,2,hap,neu
dev,53,3,neu,hap
dev,53,4,neu,neu
dev,53,5,neu,neu
dev,53,6,neu,hap
dev,53,7,hap,neu
dev,53,8,hap,neu
dev,54,0,neu,hap
dev,54,10,sad,hap
dev,54,12,neu,neu
dev,54,1,neu,hap
dev,54,2,hap,hap
dev,54,3,neu,hap
dev,54,4,neu,hap
dev,54,6,neu,neu
dev,54,7,neu,hap
dev,54,8,sad,hap
dev,55,0,sad,hap
dev,56,0,ang,hap
dev,56,10,sad,hap
dev,56,11,sad,hap
dev,56,12,sad,neu
dev,56,13,sad,hap
dev,56,14,neu,neu
dev,56,15,neu,hap
dev,56,16,sad,hap
dev,56,1,sad,hap
dev,56,2,sad,hap
dev,56,3,neu,hap
dev,56,4,sad,neu
dev,56,5,ang,hap
dev,56,6,ang,hap
dev,56,7,sad,hap
dev,56,8,sad,hap
dev,56,9,sad,hap
dev,57,0,neu,hap
dev,57,10,neu,hap
dev,57,11,neu,hap
dev,57,12,hap,hap
dev,57,1,neu,hap
dev,57,2,neu,hap
dev,57,3,hap,hap
dev,57,4,hap,hap
dev,57,5,hap,neu
dev,57,7,neu,hap
dev,57,8,neu,hap
dev,57,9,neu,hap
dev,58,0,neu,hap
dev,58,10,neu,hap
dev,58,11,hap,hap
dev,58,2,neu,hap
dev,58,3,neu,neu
dev,58,5,hap,hap
dev,58,7,hap,neu
dev,58,8,neu,neu
dev,58,9,neu,hap
dev,59,0,neu,hap
dev,59,1,neu,hap
dev,59,2,neu,hap
dev,59,3,neu,hap
dev,59,4,neu,neu
dev,5,0,ang,hap
dev,5,10,ang,hap
dev,5,11,ang,neu
dev,5,12,ang,neu
dev,5,2,ang,hap
dev,5,3,ang,hap
dev,5,4,ang,hap
dev,5,5,ang,hap
dev,5,6,ang,hap
dev,5,7,ang,hap
dev,5,8,ang,hap
dev,5,9,ang,neu
dev,60,1,neu,hap
dev,60,2,ang,hap
dev,60,3,hap,hap
dev,60,4,neu,hap
dev,60,5,hap,neu
dev,60,6,hap,hap
dev,61,0,hap,neu
dev,61,1,hap,hap
dev,61,2,neu,neu
dev,61,3,neu,neu
dev,61,4,neu,hap
dev,61,5,hap,hap
dev,62,0,neu,hap
dev,62,1,hap,hap
dev,62,3,neu,hap
dev,62,4,neu,neu
dev,62,5,neu,hap
dev,63,0,hap,hap
dev,63,10,hap,hap
dev,63,11,hap,neu
dev,63,13,neu,hap
dev,63,14,neu,hap
dev,63,15,neu,hap
dev,63,16,neu,neu
dev,63,17,neu,neu
dev,63,18,neu,hap
dev,63,19,neu,hap
dev,63,1,neu,hap
dev,63,20,neu,neu
dev,63,2,ang,hap
dev,63,3,hap,hap
dev,63,4,hap,hap
dev,63,5,sad,neu
dev,63,6,neu,neu
dev,63,7,neu,hap
dev,63,8,sad,hap
dev,64,1,hap,hap
dev,64,2,neu,neu
dev,64,3,neu,hap
dev,64,4,neu,hap
dev,65,0,hap,neu
dev,65,10,hap,hap
dev,65,1,neu,hap
dev,65,2,hap,neu
dev,65,3,neu,hap
dev,65,5,hap,neu
dev,65,6,neu,hap
dev,65,7,neu,hap
dev,65,8,neu,hap
dev,66,11,neu,neu
dev,66,1,neu,hap
dev,66,2,neu,hap
dev,66,4,ang,hap
dev,66,5,sad,hap
dev,66,6,neu,hap
dev,66,7,neu,neu
dev,66,8,neu,hap
dev,67,0,hap,hap
dev,67,10,neu,hap
dev,67,1,hap,neu
dev,67,2,neu,hap
dev,67,3,hap,hap
dev,67,4,hap,hap
dev,67,5,neu,hap
dev,67,6,neu,neu
dev,67,7,neu,hap
dev,67,8,neu,hap
dev,68,0,hap,neu
dev,68,10,hap,hap
dev,68,11,neu,hap
dev,68,1,neu,hap
dev,68,2,neu,hap
dev,68,4,neu,hap
dev,68,5,sad,hap
dev,68,8,sad,neu
dev,68,9,hap,hap
dev,69,0,hap,neu
dev,69,10,neu,neu
dev,69,11,sad,hap
dev,69,12,neu,hap
dev,69,13,sad,neu
dev,69,14,sad,hap
dev,69,15,neu,neu
dev,69,16,sad,hap
dev,69,17,sad,hap
dev,69,19,sad,hap
dev,69,1,sad,hap
dev,69,2,neu,hap
dev,69,3,neu,neu
dev,69,4,hap,hap
dev,69,5,neu,hap
dev,69,6,neu,neu
dev,69,7,neu,neu
dev,69,8,neu,hap
dev,69,9,neu,hap
dev,6,0,hap,neu
dev,6,1,neu,hap
dev,6,2,neu,hap
dev,6,3,neu,neu
dev,6,5,sad,hap
dev,6,6,neu,hap
dev,6,7,neu,hap
dev,70,0,ang,neu
dev,70,1,neu,neu
dev,70,2,hap,neu
dev,70,3,hap,neu
dev,70,4,hap,hap
dev,71,0,hap,hap
dev,71,1,neu,neu
dev,71,4,hap,hap
dev,71,5,neu,hap
dev,72,0,ang,hap
dev,72,10,ang,hap
dev,72,11,ang,hap
dev,72,12,ang,hap
dev,72,13,ang,hap
dev,72,14,ang,hap
dev,72,15,neu,hap
dev,72,16,ang,hap
dev,72,17,neu,hap
dev,72,18,ang,neu
dev,72,1,sad,hap
dev,72,2,ang,hap
dev,72,3,neu,hap
dev,72,4,neu,hap
dev,72,6,ang,hap
dev,72,7,ang,hap
dev,72,8,neu,neu
dev,72,9,ang,hap
dev,73,0,ang,hap
dev,73,1,ang,neu
dev,73,2,ang,hap
dev,74,0,hap,neu
dev,74,11,neu,hap
dev,74,12,neu,hap
dev,74,13,neu,hap
dev,74,14,neu,hap
dev,74,15,neu,hap
dev,74,16,neu,hap
dev,74,17,hap,hap
dev,74,18,neu,neu
dev,74,19,ang,neu
dev,74,1,neu,hap
dev,74,2,hap,neu
dev,74,3,sad,neu
dev,74,5,neu,hap
dev,74,6,neu,hap
dev,74,7,neu,hap
dev,74,9,sad,hap
dev,75,0,neu,hap
dev,76,0,hap,neu
dev,76,10,ang,hap
dev,76,11,ang,hap
dev,76,12,neu,hap
dev,76,15,neu,hap
dev,76,16,neu,neu
dev,76,2,neu,neu
dev,76,3,neu,hap
dev,76,4,hap,neu
dev,76,5,neu,hap
dev,76,6,hap,hap
dev,76,7,hap,hap
dev,76,8,hap,hap
dev,76,9,ang,hap
dev,77,10,sad,hap
dev,77,11,neu,hap
dev,77,12,sad,hap
dev,77,13,sad,neu
dev,77,14,sad,hap
dev,77,15,neu,neu
dev,77,16,sad,hap
dev,77,17,neu,neu
dev,77,18,neu,hap
dev,77,19,neu,hap
dev,77,2,neu,hap
dev,77,3,hap,neu
dev,77,4,neu,hap
dev,77,5,neu,neu
dev,77,6,neu,hap
dev,77,7,neu,hap
dev,77,8,sad,neu
dev,77,9,neu,hap
dev,78,0,hap,hap
dev,78,1,neu,hap
dev,78,2,neu,neu
dev,78,3,ang,neu
dev,78,4,hap,hap
dev,78,6,neu,neu
dev,78,8,ang,hap
dev,79,0,hap,hap
dev,79,10,sad,hap
dev,79,2,neu,neu
dev,79,3,neu,neu
dev,79,4,hap,hap
dev,79,5,hap,hap
dev,79,6,neu,hap
dev,79,7,sad,neu
dev,79,8,neu,hap
dev,79,9,neu,hap
dev,7,0,hap,hap
dev,7,10,hap,hap
dev,7,1,hap,hap
dev,7,2,neu,hap
dev,7,3,neu,hap
dev,7,5,hap,hap
dev,7,7,ang,hap
dev,7,9,hap,hap
dev,80,0,neu,hap
dev,80,1,neu,hap
dev,80,2,neu,neu
dev,80,3,neu,hap
dev,80,5,neu,hap
dev,80,6,neu,neu
dev,80,7,hap,hap
dev,80,8,neu,neu
dev,80,9,neu,hap
dev,81,0,hap,hap
dev,81,1,neu,hap
dev,81,2,hap,neu
dev,82,0,hap,hap
dev,82,10,neu,hap
dev,82,11,neu,neu
dev,82,12,neu,hap
dev,82,13,hap,hap
dev,82,15,neu,hap
dev,82,16,neu,hap
dev,82,17,neu,hap
dev,82,18,ang,hap
dev,82,1,ang,hap
dev,82,2,neu,hap
dev,82,3,ang,hap
dev,82,4,neu,hap
dev,82,5,ang,hap
dev,82,7,neu,hap
dev,82,8,ang,hap
dev,82,9,neu,hap
dev,83,0,ang,hap
dev,83,2,hap,hap
dev,83,4,neu,hap
dev,83,5,neu,hap
dev,83,6,neu,neu
dev,83,7,hap,hap
dev,84,2,neu,hap
dev,84,4,sad,hap
dev,84,5,sad,hap
dev,84,6,neu,hap
dev,84,7,neu,hap
dev,85,0,neu,neu
dev,85,10,ang,hap
dev,85,12,neu,neu
dev,85,13,neu,hap
dev,85,15,neu,hap
dev,85,1,hap,hap
dev,85,2,neu,neu
dev,85,3,neu,hap
dev,85,4,hap,hap
dev,85,7,hap,neu
dev,85,9,hap,hap
dev,86,0,neu,hap
dev,86,1,neu,hap
dev,86,2,neu,hap
dev,86,3,neu,hap
dev,87,0,neu,hap
dev,87,1,neu,hap
dev,87,2,neu,hap
dev,87,3,neu,hap
dev,87,4,hap,hap
dev,88,1,neu,hap
dev,88,3,sad,hap
dev,88,4,ang,hap
dev,88,5,neu,hap
dev,89,10,neu,hap
dev,89,1,ang,neu
dev,89,3,neu,hap
dev,89,4,neu,hap
dev,89,5,sad,hap
dev,89,6,sad,hap
dev,89,7,sad,neu
dev,89,8,hap,hap
dev,89,9,neu,hap
dev,8,0,neu,hap
dev,8,10,neu,neu
dev,8,11,neu,hap
dev,8,12,neu,hap
dev,8,13,neu,hap
dev,8,14,hap,hap
dev,8,1,neu,neu
dev,8,2,neu,hap
dev,8,3,neu,hap
dev,8,4,neu,hap
dev,8,5,neu,hap
dev,8,6,neu,hap
dev,8,7,hap,hap
dev,8,8,neu,hap
dev,8,9,neu,hap
dev,90,0,hap,hap
dev,90,1,neu,hap
dev,90,3,neu,hap
dev,90,4,neu,hap
dev,90,5,ang,hap
dev,90,6,sad,hap
dev,91,1,neu,hap
dev,91,2,neu,hap
dev,91,3,neu,hap
dev,91,4,ang,hap
dev,91,7,neu,hap
dev,91,9,neu,hap
dev,92,11,ang,hap
dev,92,2,hap,neu
dev,92,8,ang,hap
dev,92,9,ang,hap
dev,93,0,sad,neu
dev,93,1,neu,hap
dev,93,2,neu,hap
dev,93,3,sad,hap
dev,93,4,neu,hap
dev,93,5,neu,hap
dev,93,6,sad,hap
dev,93,7,sad,neu
dev,94,0,neu,hap
dev,94,10,neu,hap
dev,94,11,ang,neu
dev,94,1,hap,hap
dev,94,3,neu,hap
dev,94,4,neu,hap
dev,94,5,hap,hap
dev,94,6,neu,hap
dev,94,8,neu,hap
dev,94,9,ang,hap
dev,95,0,ang,hap
dev,95,10,neu,hap
dev,95,1,neu,hap
dev,95,2,ang,hap
dev,95,3,neu,hap
dev,95,4,neu,hap
dev,95,6,ang,hap
dev,95,8,ang,hap
dev,95,9,neu,hap
dev,96,0,neu,hap
dev,96,1,neu,hap
dev,96,3,hap,hap
dev,97,0,hap,hap
dev,97,11,hap,hap
dev,97,13,neu,hap
dev,97,15,neu,hap
dev,97,17,neu,hap
dev,97,19,neu,neu
dev,97,1,hap,hap
dev,97,20,hap,hap
dev,97,21,neu,neu
dev,97,2,neu,hap
dev,97,3,hap,hap
dev,97,4,hap,hap
dev,97,5,hap,hap
dev,97,6,neu,hap
dev,97,7,hap,hap
dev,97,9,hap,hap
dev,98,0,ang,neu
dev,98,2,ang,hap
dev,98,3,hap,hap
dev,98,4,ang,neu
dev,99,0,hap,hap
dev,99,1,neu,hap
dev,99,2,hap,hap
dev,99,4,hap,hap
dev,99,7,neu,hap
dev,99,8,neu,hap
dev,9,0,neu,neu
dev,9,1,sad,hap
dev,9,2,neu,hap
dev,9,3,hap,hap
dev,9,4,neu,hap
dev,9,5,neu,hap
dev,9,6,neu,hap
dev,9,7,neu,hap
test,0,1,ang,hap
test,0,2,neu,neu
test,100,0,neu,hap
test,100,10,sad,hap
test,100,11,neu,hap
test,100,12,neu,neu
test,100,13,neu,hap
test,100,16,neu,hap
test,100,17,neu,hap
test,100,19,sad,hap
test,100,1,neu,hap
test,100,2,neu,hap
test,100,3,neu,hap
test,100,4,neu,hap
test,100,5,sad,hap
test,100,6,sad,hap
test,100,7,neu,hap
test,100,8,neu,neu
test,100,9,neu,hap
test,101,0,hap,hap
test,101,1,neu,hap
test,101,2,sad,hap
test,101,3,neu,hap
test,102,0,ang,neu
test,102,1,neu,hap
test,102,3,neu,hap
test,102,4,ang,hap
test,102,5,sad,hap
test,102,6,ang,hap
test,102,7,sad,hap
test,102,8,neu,hap
test,102,9,hap,hap
test,103,0,hap,neu
test,103,1,neu,hap
test,103,4,ang,hap
test,104,0,hap,hap
test,104,2,neu,neu
test,105,0,ang,neu
test,105,2,ang,hap
test,106,0,ang,hap
test,106,1,neu,hap
test,106,3,sad,hap
test,107,0,neu,neu
test,107,10,neu,neu
test,107,11,neu,neu
test,107,1,neu,neu
test,107,2,hap,hap
test,107,3,sad,hap
test,107,4,neu,neu
test,107,5,hap,hap
test,107,6,sad,hap
test,107,7,sad,hap
test,107,8,neu,hap
test,107,9,neu,hap
test,108,3,ang,hap
test,108,4,ang,hap
test,108,5,hap,hap
test,108,6,hap,hap
test,108,9,hap,hap
test,109,0,hap,hap
test,109,1,hap,hap
test,109,2,ang,hap
test,109,3,neu,neu
test,109,5,ang,hap
test,109,6,neu,neu
test,10,0,ang,neu
test,10,1,neu,hap
test,10,2,neu,hap
test,10,3,neu,hap
test,110,1,neu,hap
test,110,2,neu,hap
test,110,4,hap,hap
test,110,5,neu,hap
test,110,6,sad,hap
test,110,7,hap,hap
test,111,0,neu,hap
test,111,10,ang,neu
test,111,11,neu,hap
test,111,12,neu,hap
test,111,14,neu,hap
test,111,1,neu,hap
test,111,2,hap,hap
test,111,3,ang,hap
test,111,4,sad,hap
test,111,5,ang,hap
test,111,6,sad,hap
test,111,7,sad,neu
test,111,8,sad,hap
test,112,0,neu,neu
test,112,10,neu,neu
test,112,11,hap,hap
test,112,15,neu,hap
test,112,16,hap,hap
test,112,17,neu,hap
test,112,18,neu,hap
test,112,19,hap,hap
test,112,1,neu,hap
test,112,20,hap,hap
test,112,21,neu,hap
test,112,5,neu,hap
test,112,6,ang,hap
test,112,7,ang,hap
test,112,8,neu,hap
test,112,9,neu,hap
test,113,0,ang,hap
test,113,10,ang,hap
test,113,11,neu,hap
test,113,13,ang,neu
test,113,15,ang,hap
test,113,16,neu,neu
test,113,2,hap,hap
test,113,3,neu,hap
test,113,6,ang,hap
test,113,7,ang,hap
test,113,8,ang,hap
test,113,9,neu,hap
test,114,0,neu,hap
test,114,1,neu,hap
test,114,3,neu,hap
test,114,4,neu,hap
test,114,5,hap,hap
test,115,0,hap,hap
test,115,1,neu,hap
test,115,2,ang,hap
test,115,4,neu,hap
test,115,5,neu,hap
test,116,0,neu,hap
test,116,10,neu,hap
test,116,11,ang,neu
test,116,1,neu,neu
test,116,2,ang,hap
test,116,3,neu,hap
test,116,4,ang,neu
test,116,5,sad,hap
test,116,6,neu,hap
test,116,7,neu,hap
test,116,8,neu,hap
test,116,9,neu,hap
test,117,0,neu,hap
test,117,1,hap,hap
test,117,2,neu,hap
test,117,3,neu,hap
test,117,4,neu,hap
test,117,6,neu,hap
test,117,7,ang,hap
test,118,0,sad,hap
test,118,11,neu,hap
test,118,1,sad,hap
test,118,3,hap,hap
test,118,4,sad,hap
test,118,5,sad,neu
test,118,6,neu,hap
test,118,7,hap,hap
test,118,8,neu,hap
test,119,0,neu,hap
test,119,1,sad,hap
test,119,2,neu,hap
test,119,4,neu,hap
test,11,0,sad,hap
test,11,2,neu,neu
test,11,3,neu,hap
test,11,4,neu,hap
test,120,0,hap,hap
test,120,10,hap,hap
test,120,13,neu,hap
test,120,14,neu,hap
test,120,15,ang,hap
test,120,16,ang,hap
test,120,17,ang,hap
test,120,18,neu,hap
test,120,1,neu,hap
test,120,2,hap,hap
test,120,3,hap,hap
test,120,4,neu,hap
test,120,5,hap,neu
test,120,6,hap,hap
test,120,7,neu,hap
test,120,8,neu,hap
test,121,0,hap,neu
test,121,1,hap,hap
test,121,2,neu,hap
test,121,3,neu,neu
test,121,4,hap,hap
test,121,5,hap,neu
test,122,0,neu,hap
test,122,2,neu,hap
test,122,3,hap,hap
test,122,4,neu,hap
test,123,0,neu,hap
test,123,11,sad,hap
test,123,12,neu,hap
test,123,14,neu,hap
test,123,15,sad,hap
test,123,1,neu,hap
test,123,3,neu,hap
test,123,4,ang,hap
test,123,5,neu,hap
test,123,7,neu,neu
test,123,8,neu,hap
test,124,0,neu,neu
test,124,12,sad,hap
test,124,13,neu,hap
test,124,14,hap,hap
test,124,1,sad,hap
test,124,2,sad,hap
test,124,3,neu,hap
test,124,4,neu,hap
test,124,5,sad,neu
test,124,6,neu,hap
test,124,7,ang,hap
test,125,0,hap,hap
test,125,10,neu,neu
test,125,11,hap,hap
test,125,12,neu,hap
test,125,15,neu,neu
test,125,16,neu,hap
test,125,18,ang,hap
test,125,19,ang,hap
test,125,1,neu,hap
test,125,20,sad,hap
test,125,21,sad,neu
test,125,2,neu,hap
test,125,3,neu,hap
test,125,4,neu,hap
test,125,5,neu,hap
test,125,6,neu,neu
test,125,8,neu,hap
test,125,9,neu,hap
test,126,0,neu,hap
test,126,10,ang,hap
test,126,11,neu,neu
test,126,12,ang,neu
test,126,13,hap,hap
test,126,14,hap,neu
test,126,15,neu,neu
test,126,1,hap,neu
test,126,2,hap,neu
test,126,3,neu,hap
test,126,5,neu,hap
test,126,6,neu,hap
test,126,7,neu,neu
test,126,9,neu,hap
test,127,0,ang,hap
test,127,1,neu,hap
test,127,2,neu,ang
test,127,3,neu,hap
test,127,4,neu,hap
test,127,5,neu,hap
test,128,0,neu,hap
test,128,1,neu,hap
test,128,2,neu,hap
test,128,5,ang,hap
test,128,7,neu,hap
test,128,9,neu,hap
test,129,0,hap,hap
test,129,2,neu,hap
test,129,3,sad,hap
test,129,4,neu,hap
test,129,5,neu,hap
test,129,6,neu,hap
test,129,7,neu,hap
test,12,0,ang,hap
test,12,10,neu,hap
test,12,11,hap,hap
test,12,12,hap,neu
test,12,13,neu,hap
test,12,14,neu,hap
test,12,15,neu,hap
test,12,16,neu,neu
test,12,17,neu,hap
test,12,18,neu,hap
test,12,19,hap,hap
test,12,1,neu,hap
test,12,2,sad,hap
test,12,3,ang,hap
test,12,4,ang,hap
test,12,5,ang,hap
test,12,6,sad,hap
test,12,7,sad,hap
test,12,8,hap,hap
test,12,9,neu,hap
test,130,0,neu,hap
test,130,10,sad,hap
test,130,12,sad,hap
test,130,13,neu,hap
test,130,14,neu,neu
test,130,15,neu,hap
test,130,16,neu,neu
test,130,17,neu,hap
test,130,2,neu,hap
test,130,3,neu,hap
test,130,4,neu,neu
test,130,5,hap,neu
test,130,7,neu,hap
test,130,9,neu,neu
test,131,0,neu,hap
test,131,1,hap,hap
test,131,2,neu,hap
test,131,3,hap,neu
test,131,4,neu,hap
test,131,5,neu,hap
test,131,6,hap,neu
test,131,7,neu,hap
test,131,8,hap,hap
test,132,0,neu,hap
test,132,10,ang,hap
test,132,11,neu,hap
test,132,12,neu,hap
test,132,13,neu,hap
test,132,14,neu,hap
test,132,15,neu,hap
test,132,16,hap,hap
test,132,17,neu,neu
test,132,18,neu,hap
test,132,1,neu,hap
test,132,2,neu,hap
test,132,3,neu,hap
test,132,4,hap,hap
test,132,5,neu,neu
test,132,6,neu,hap
test,132,7,neu,hap
test,132,8,neu,hap
test,133,0,hap,neu
test,133,10,neu,hap
test,133,12,sad,hap
test,133,14,neu,neu
test,133,1,hap,hap
test,133,2,neu,hap
test,133,3,hap,hap
test,133,4,hap,neu
test,133,5,hap,hap
test,133,6,neu,hap
test,133,7,neu,neu
test,133,9,neu,neu
test,134,1,sad,hap
test,134,2,hap,hap
test,134,3,ang,hap
test,135,0,neu,hap
test,135,2,neu,hap
test,135,3,hap,hap
test,135,4,hap,neu
test,135,5,hap,hap
test,136,0,hap,hap
test,137,0,neu,hap
test,137,11,neu,neu
test,137,13,ang,hap
test,137,14,ang,hap
test,137,1,neu,neu
test,137,2,neu,neu
test,137,3,neu,neu
test,137,4,neu,hap
test,137,5,neu,hap
test,137,6,neu,hap
test,137,8,neu,hap
test,138,0,neu,hap
test,139,0,neu,hap
test,139,1,sad,hap
test,139,2,neu,hap
test,139,3,hap,hap
test,139,4,hap,neu
test,139,5,neu,neu
test,139,6,neu,hap
test,139,8,hap,hap
test,139,9,neu,hap
test,13,0,neu,hap
test,13,1,neu,hap
test,13,2,neu,hap
test,13,4,neu,hap
test,13,5,ang,hap
test,13,6,ang,hap
test,13,7,ang,hap
test,140,0,ang,hap
test,140,10,neu,hap
test,140,11,ang,hap
test,140,12,sad,hap
test,140,13,sad,hap
test,140,14,neu,hap
test,140,15,neu,hap
test,140,16,neu,hap
test,140,1,sad,hap
test,140,2,neu,hap
test,140,3,neu,hap
test,140,4,neu,hap
test,140,5,hap,hap
test,140,6,neu,hap
test,140,7,neu,hap
test,140,8,sad,hap
test,140,9,hap,hap
test,141,0,neu,hap
test,141,1,neu,hap
test,141,2,neu,hap
test,141,3,neu,neu
test,141,4,neu,hap
test,142,0,neu,hap
test,142,1,neu,neu
test,143,0,neu,hap
test,143,1,neu,hap
test,143,2,neu,hap
test,143,3,sad,hap
test,143,4,neu,neu
test,143,7,ang,hap
test,144,0,ang,hap
test,144,10,ang,hap
test,144,11,ang,neu
test,144,12,ang,neu
test,144,13,neu,neu
test,144,14,neu,neu
test,144,1,hap,neu
test,144,2,ang,hap
test,144,3,neu,hap
test,144,4,ang,hap
test,144,6,ang,hap
test,144,7,neu,neu
test,144,8,ang,hap
test,145,0,neu,neu
test,145,10,neu,hap
test,145,11,neu,hap
test,145,12,neu,neu
test,145,2,neu,hap
test,145,4,neu,neu
test,145,5,neu,hap
test,145,6,neu,neu
test,145,7,neu,neu
test,145,8,neu,hap
test,146,0,hap,hap
test,146,1,sad,hap
test,146,3,neu,hap
test,146,5,hap,hap
test,146,6,hap,hap
test,147,10,hap,neu
test,147,2,sad,hap
test,147,3,ang,neu
test,147,4,ang,hap
test,147,5,ang,hap
test,147,6,ang,neu
test,147,7,neu,hap
test,147,8,neu,hap
test,147,9,neu,neu
test,148,0,sad,hap
test,149,0,sad,neu
test,149,1,sad,neu
test,149,2,sad,hap
test,14,10,neu,neu
test,14,1,hap,hap
test,14,2,hap,hap
test,14,3,hap,hap
test,14,4,neu,hap
test,14,5,neu,hap
test,14,6,hap,hap
test,14,7,hap,hap
test,14,8,neu,neu
test,14,9,hap,hap
test,150,0,sad,hap
test,150,1,ang,hap
test,150,2,sad,neu
test,150,3,sad,hap
test,150,4,sad,hap
test,150,5,neu,hap
test,151,1,neu,neu
test,151,2,neu,hap
test,151,3,neu,neu
test,152,0,neu,hap
test,152,1,neu,hap
test,152,3,neu,neu
test,152,4,neu,hap
test,153,0,neu,hap
test,153,10,hap,hap
test,153,1,neu,neu
test,153,2,neu,hap
test,153,3,neu,hap
test,153,5,neu,hap
test,153,6,neu,neu
test,153,7,neu,hap
test,153,8,hap,hap
test,153,9,neu,hap
test,154,0,hap,hap
test,154,10,hap,neu
test,154,11,hap,neu
test,154,12,hap,hap
test,154,13,neu,hap
test,154,14,neu,hap
test,154,16,hap,hap
test,154,17,hap,neu
test,154,18,neu,hap
test,154,19,neu,hap
test,154,1,hap,neu
test,154,20,neu,hap
test,154,2,hap,hap
test,154,3,hap,hap
test,154,4,neu,hap
test,154,5,neu,hap
test,154,7,hap,hap
test,154,8,ang,hap
test,154,9,hap,hap
test,155,0,ang,hap
test,155,1,ang,hap
test,155,2,neu,hap
test,155,4,neu,neu
test,155,5,sad,hap
test,155,6,neu,neu
test,155,7,neu,hap
test,155,8,sad,hap
test,156,0,hap,hap
test,156,10,sad,hap
test,156,11,hap,hap
test,156,12,ang,hap
test,156,13,neu,hap
test,156,14,hap,hap
test,156,15,ang,hap
test,156,1,hap,hap
test,156,2,neu,hap
test,156,3,neu,hap
test,156,4,neu,hap
test,156,5,neu,hap
test,156,6,ang,hap
test,156,7,hap,hap
test,156,8,neu,hap
test,156,9,sad,hap
test,157,0,neu,hap
test,157,1,neu,hap
test,157,2,ang,hap
test,157,3,neu,hap
test,157,4,neu,hap
test,157,5,neu,hap
test,157,6,neu,hap
test,157,7,neu,hap
test,158,0,neu,neu
test,158,1,sad,hap
test,158,2,sad,hap
test,158,3,neu,hap
test,158,4,ang,hap
test,158,5,neu,hap
test,159,0,ang,hap
test,159,1,ang,hap
test,15,0,hap,neu
test,15,1,hap,hap
test,15,2,hap,neu
test,15,3,neu,neu
test,15,4,neu,neu
test,15,5,ang,hap
test,160,0,sad,hap
test,160,10,sad,hap
test,160,11,sad,neu
test,160,12,sad,hap
test,160,13,ang,hap
test,160,1,ang,hap
test,160,2,ang,hap
test,160,3,ang,hap
test,160,4,ang,neu
test,160,5,ang,hap
test,160,6,sad,hap
test,160,7,sad,hap
test,160,8,ang,hap
test,160,9,ang,hap
test,161,0,neu,hap
test,161,10,hap,hap
test,161,1,neu,hap
test,161,2,neu,neu
test,161,3,hap,neu
test,161,4,hap,neu
test,161,5,neu,hap
test,161,6,hap,hap
test,161,7,neu,hap
test,161,8,neu,hap
test,161,9,neu,hap
test,162,0,hap,hap
test,162,1,neu,neu
test,162,2,neu,hap
test,162,3,neu,neu
test,162,4,neu,hap
test,162,5,ang,hap
test,163,0,sad,hap
test,163,2,sad,hap
test,163,3,hap,neu
test,163,4,neu,hap
test,163,5,neu,hap
test,163,6,sad,hap
test,163,7,neu,neu
test,163,8,neu,hap
test,164,0,neu,hap
test,164,1,neu,hap
test,164,2,neu,hap
test,164,3,neu,hap
test,164,4,neu,hap
test,164,5,neu,hap
test,164,6,neu,hap
test,164,7,ang,hap
test,164,8,neu,hap
test,165,0,ang,hap
test,165,1,neu,hap
test,165,4,sad,hap
test,166,10,neu,neu
test,166,11,neu,neu
test,166,12,neu,neu
test,166,13,neu,hap
test,166,1,ang,hap
test,166,3,ang,hap
test,166,4,sad,hap
test,166,5,sad,hap
test,166,6,neu,hap
test,166,7,neu,neu
test,166,8,neu,neu
test,166,9,neu,hap
test,167,0,sad,hap
test,167,10,neu,hap
test,167,11,neu,hap
test,167,12,neu,hap
test,167,13,neu,hap
test,167,14,ang,hap
test,167,15,neu,hap
test,167,16,neu,hap
test,167,1,neu,hap
test,167,2,neu,hap
test,167,3,neu,hap
test,167,4,neu,hap
test,167,5,hap,hap
test,167,6,hap,hap
test,167,7,ang,neu
test,167,8,sad,hap
test,167,9,ang,hap
test,168,0,neu,hap
test,168,10,neu,hap
test,168,11,ang,hap
test,168,13,ang,hap
test,168,15,ang,hap
test,168,16,ang,hap
test,168,17,ang,hap
test,168,18,neu,hap
test,168,1,neu,hap
test,168,2,neu,hap
test,168,3,neu,hap
test,168,4,neu,hap
test,168,5,neu,hap
test,168,6,neu,hap
test,168,7,neu,hap
test,168,9,neu,neu
test,169,10,ang,hap
test,169,13,neu,neu
test,169,14,neu,neu
test,169,16,neu,hap
test,169,19,neu,hap
test,169,1,hap,hap
test,169,20,neu,hap
test,169,22,ang,hap
test,169,2,ang,hap
test,169,3,ang,hap
test,169,6,ang,hap
test,169,7,neu,hap
test,169,9,ang,hap
test,16,0,neu,hap
test,16,1,neu,neu
test,16,2,neu,hap
test,16,3,neu,hap
test,16,5,neu,hap
test,16,6,neu,hap
test,16,7,neu,hap
test,16,8,neu,neu
test,16,9,ang,hap
test,170,2,neu,hap
test,171,0,ang,hap
test,171,1,hap,hap
test,171,2,neu,hap
test,171,3,hap,hap
test,171,4,hap,hap
test,171,5,neu,hap
test,171,6,neu,hap
test,171,7,hap,hap
test,171,8,hap,hap
test,172,0,neu,hap
test,172,1,neu,hap
test,172,2,neu,hap
test,173,0,neu,hap
test,173,10,neu,hap
test,173,11,sad,neu
test,173,12,sad,neu
test,173,13,sad,hap
test,173,14,sad,hap
test,173,15,hap,hap
test,173,16,sad,hap
test,173,17,neu,hap
test,173,18,neu,hap
test,173,2,neu,neu
test,173,3,neu,hap
test,173,4,ang,hap
test,173,7,sad,hap
test,173,8,sad,hap
test,173,9,neu,hap
test,174,0,neu,hap
test,174,10,neu,neu
test,174,11,neu,hap
test,174,12,neu,hap
test,174,13,ang,hap
test,174,14,neu,hap
test,174,15,sad,hap
test,174,16,neu,hap
test,174,17,sad,hap
test,174,18,neu,hap
test,174,1,neu,hap
test,174,2,neu,hap
test,174,3,neu,hap
test,174,4,sad,hap
test,174,5,hap,hap
test,174,6,sad,hap
test,174,7,neu,hap
test,174,9,neu,hap
test,175,0,neu,neu
test,175,10,ang,hap
test,175,11,ang,neu
test,175,12,ang,hap
test,175,14,ang,hap
test,175,15,neu,neu
test,175,16,ang,hap
test,175,17,ang,hap
test,175,19,neu,hap
test,175,1,neu,neu
test,175,20,ang,hap
test,175,21,neu,hap
test,175,22,hap,hap
test,175,5,neu,hap
test,175,6,hap,hap
test,175,7,neu,hap
test,175,9,ang,neu
test,176,0,neu,hap
test,176,1,neu,hap
test,177,0,neu,neu
test,177,1,neu,hap
test,177,2,neu,hap
test,178,0,neu,hap
test,178,1,neu,hap
test,178,2,hap,hap
test,178,3,neu,hap
test,178,4,neu,hap
test,178,5,neu,neu
test,178,7,neu,hap
test,178,8,neu,hap
test,179,0,ang,hap
test,179,1,ang,hap
test,179,3,neu,neu
test,17,0,neu,hap
test,17,10,ang,hap
test,17,11,sad,hap
test,17,13,ang,hap
test,17,15,neu,neu
test,17,18,neu,hap
test,17,19,neu,hap
test,17,1,neu,hap
test,17,20,neu,hap
test,17,21,neu,hap
test,17,22,neu,hap
test,17,23,neu,hap
test,17,24,ang,hap
test,17,25,neu,hap
test,17,26,ang,hap
test,17,27,ang,hap
test,17,28,sad,hap
test,17,29,ang,hap
test,17,2,neu,hap
test,17,30,ang,hap
test,17,31,ang,hap
test,17,32,neu,neu
test,17,5,hap,hap
test,17,6,ang,neu
test,17,7,ang,hap
test,17,8,ang,hap
test,17,9,ang,hap
test,180,0,neu,hap
test,180,1,neu,hap
test,180,2,neu,hap
test,180,3,neu,hap
test,180,4,hap,hap
test,180,5,hap,hap
test,180,6,hap,hap
test,180,7,neu,hap
test,180,8,ang,hap
test,181,0,neu,hap
test,181,1,hap,neu
test,181,2,hap,hap
test,181,3,neu,neu
test,181,4,neu,hap
test,182,0,hap,hap
test,182,1,ang,hap
test,182,2,ang,hap
test,182,5,hap,neu
test,182,6,hap,hap
test,183,0,neu,neu
test,183,1,neu,hap
test,183,2,neu,hap
test,183,3,ang,hap
test,183,4,neu,hap
test,183,5,neu,neu
test,183,6,neu,hap
test,183,7,neu,hap
test,183,8,neu,hap
test,184,0,sad,hap
test,184,10,neu,hap
test,184,12,neu,hap
test,184,13,neu,hap
test,184,14,hap,hap
test,184,2,ang,hap
test,184,3,sad,hap
test,184,4,ang,hap
test,184,5,neu,neu
test,184,7,sad,hap
test,184,8,neu,hap
test,185,0,neu,hap
test,185,1,neu,hap
test,185,3,hap,hap
test,185,5,neu,hap
test,185,6,hap,hap
test,185,7,neu,neu
test,186,1,neu,hap
test,186,2,neu,neu
test,186,3,sad,hap
test,187,0,neu,hap
test,187,1,neu,hap
test,187,2,neu,hap
test,187,3,hap,hap
test,187,4,hap,neu
test,187,5,neu,hap
test,187,6,neu,hap
test,187,7,neu,neu
test,187,8,neu,hap
test,188,0,neu,hap
test,188,1,neu,hap
test,188,2,neu,hap
test,188,3,neu,hap
test,188,4,neu,hap
test,188,5,neu,neu
test,188,6,neu,neu
test,188,7,neu,neu
test,188,8,hap,hap
test,189,0,hap,hap
test,189,1,hap,hap
test,189,2,hap,neu
test,189,3,hap,neu
test,189,4,neu,neu
test,189,5,neu,hap
test,189,6,neu,hap
test,189,8,ang,hap
test,189,9,neu,hap
test,18,0,neu,hap
test,18,1,neu,hap
test,18,2,neu,neu
test,190,1,neu,hap
test,190,3,neu,hap
test,190,4,neu,hap
test,191,0,sad,hap
test,191,1,neu,neu
test,191,2,sad,hap
test,191,3,neu,neu
test,191,4,neu,neu
test,191,5,neu,hap
test,191,6,hap,hap
test,191,7,neu,hap
test,191,9,neu,hap
test,192,0,ang,hap
test,192,10,neu,hap
test,192,11,neu,hap
test,192,1,neu,hap
test,192,2,ang,hap
test,192,3,neu,hap
test,192,4,ang,hap
test,192,5,ang,neu
test,192,6,neu,hap
test,192,8,hap,hap
test,193,0,hap,hap
test,193,1,hap,hap
test,193,2,neu,hap
test,193,3,neu,hap
test,193,4,neu,hap
test,194,0,ang,hap
test,194,1,neu,neu
test,194,2,neu,hap
test,194,4,neu,neu
test,195,10,hap,hap
test,195,11,neu,hap
test,195,1,neu,hap
test,195,2,sad,hap
test,195,3,neu,hap
test,195,4,neu,hap
test,195,5,neu,hap
test,195,6,hap,hap
test,195,7,hap,hap
test,195,9,neu,hap
test,196,0,ang,hap
test,196,10,neu,hap
test,196,11,neu,neu
test,196,12,ang,neu
test,196,13,neu,hap
test,196,14,ang,hap
test,196,15,ang,hap
test,196,16,ang,neu
test,196,17,neu,hap
test,196,2,ang,hap
test,196,3,sad,hap
test,196,4,ang,hap
test,196,5,ang,hap
test,196,6,ang,hap
test,196,7,ang,hap
test,196,8,neu,neu
test,196,9,neu,hap
test,197,0,neu,hap
test,197,1,neu,neu
test,197,2,neu,neu
test,197,3,neu,hap
test,197,4,hap,hap
test,198,0,neu,hap
test,198,10,neu,hap
test,198,11,neu,neu
test,198,12,hap,hap
test,198,1,hap,neu
test,198,2,ang,hap
test,198,3,neu,hap
test,198,6,hap,hap
test,198,7,hap,hap
test,198,8,ang,hap
test,198,9,neu,hap
test,199,0,neu,hap
test,199,10,sad,hap
test,199,11,sad,hap
test,199,12,sad,hap
test,199,13,sad,hap
test,199,14,sad,hap
test,199,15,hap,neu
test,199,1,sad,neu
test,199,2,neu,hap
test,199,3,neu,hap
test,199,4,sad,hap
test,199,5,sad,hap
test,199,6,sad,hap
test,199,7,sad,hap
test,199,8,sad,hap
test,199,9,sad,neu
test,1,0,neu,hap
test,1,1,hap,hap
test,1,2,hap,hap
test,1,3,hap,hap
test,1,4,hap,neu
test,1,5,hap,hap
test,1,6,hap,neu
test,1,7,hap,neu
test,200,1,ang,hap
test,200,2,ang,hap
test,200,3,ang,hap
test,200,4,ang,hap
test,201,0,neu,hap
test,201,11,ang,hap
test,201,2,hap,neu
test,201,3,neu,hap
test,201,4,neu,hap
test,201,5,neu,neu
test,201,6,neu,hap
test,201,7,neu,hap
test,201,8,ang,hap
test,201,9,neu,hap
test,202,0,neu,hap
test,202,1,hap,neu
test,202,2,hap,hap
test,202,3,hap,hap
test,202,4,hap,neu
test,202,5,hap,hap
test,202,6,hap,neu
test,202,7,hap,hap
test,203,0,ang,hap
test,203,10,hap,hap
test,203,11,neu,hap
test,203,12,neu,hap
test,203,1,neu,hap
test,203,4,neu,hap
test,203,6,hap,hap
test,203,7,neu,hap
test,203,8,hap,hap
test,203,9,hap,hap
test,204,0,sad,neu
test,204,1,ang,hap
test,204,3,ang,hap
test,204,4,ang,neu
test,204,5,ang,hap
test,204,6,ang,hap
test,204,7,ang,hap
test,204,8,neu,hap
test,204,9,ang,hap
test,205,1,ang,hap
test,205,2,neu,hap
test,206,0,hap,hap
test,206,1,neu,hap
test,206,2,neu,hap
test,206,3,neu,neu
test,206,4,ang,hap
test,207,0,sad,hap
test,207,1,sad,hap
test,208,0,neu,neu
test,208,10,neu,hap
test,208,11,sad,hap
test,208,12,neu,hap
test,208,13,sad,hap
test,208,1,neu,hap
test,208,2,neu,neu
test,208,3,neu,neu
test,208,4,sad,neu
test,208,5,sad,neu
test,208,6,neu,neu
test,208,7,sad,hap
test,208,9,sad,hap
test,209,1,hap,hap
test,20,0,ang,hap
test,20,1,neu,hap
test,20,2,neu,hap
test,20,3,neu,hap
test,20,4,neu,hap
test,20,5,neu,hap
test,20,6,hap,hap
test,20,7,neu,hap
test,210,0,ang,hap
test,210,1,ang,hap
test,210,2,ang,hap
test,210,3,neu,hap
test,210,4,ang,hap
test,210,5,hap,hap
test,210,7,hap,hap
test,210,9,neu,hap
test,211,0,ang,hap
test,211,2,ang,hap
test,211,4,ang,hap
test,211,5,ang,hap
test,211,6,neu,hap
test,211,7,neu,neu
test,212,0,neu,hap
test,212,1,neu,hap
test,212,2,sad,hap
test,212,3,neu,hap
test,212,4,sad,hap
test,212,5,neu,hap
test,212,6,sad,hap
test,213,0,ang,hap
test,213,10,neu,hap
test,213,11,neu,hap
test,213,1,neu,hap
test,213,2,neu,hap
test,213,3,neu,hap
test,213,4,neu,hap
test,213,5,hap,hap
test,213,7,hap,neu
test,213,8,neu,hap
test,213,9,neu,hap
test,214,0,sad,hap
test,214,1,sad,hap
test,214,2,neu,hap
test,214,3,neu,hap
test,214,4,sad,hap
test,214,5,hap,hap
test,214,6,hap,neu
test,214,7,hap,neu
test,215,0,neu,hap
test,215,10,sad,neu
test,215,1,neu,hap
test,215,2,hap,neu
test,215,3,neu,hap
test,215,4,hap,hap
test,215,5,neu,neu
test,215,6,sad,neu
test,215,7,sad,neu
test,215,8,sad,neu
test,215,9,neu,neu
test,216,0,hap,hap
test,216,1,hap,hap
test,216,2,neu,neu
test,216,3,neu,hap
test,217,10,neu,hap
test,217,11,neu,neu
test,217,2,neu,hap
test,217,3,neu,hap
test,217,5,neu,hap
test,217,7,neu,hap
test,217,8,hap,hap
test,217,9,neu,hap
test,218,0,neu,hap
test,218,1,neu,neu
test,218,2,neu,neu
test,219,0,neu,hap
test,219,1,sad,neu
test,21,0,neu,hap
test,21,1,neu,hap
test,21,2,neu,hap
test,21,3,neu,hap
test,21,4,sad,hap
test,21,5,hap,hap
test,220,1,ang,hap
test,221,0,neu,hap
test,221,1,neu,hap
test,221,2,neu,hap
test,221,3,neu,neu
test,221,4,sad,neu
test,222,0,neu,hap
test,222,11,neu,hap
test,222,12,ang,hap
test,222,1,neu,hap
test,222,2,neu,neu
test,222,3,hap,hap
test,222,4,hap,hap
test,222,5,hap,hap
test,222,6,hap,hap
test,222,7,hap,hap
test,222,8,neu,hap
test,222,9,neu,hap
test,223,0,sad,hap
test,223,2,neu,hap
test,223,4,neu,hap
test,223,5,hap,neu
test,223,6,neu,hap
test,224,0,neu,hap
test,224,1,neu,neu
test,224,2,neu,hap
test,224,3,neu,hap
test,224,4,neu,hap
test,224,5,neu,hap
test,224,6,neu,hap
test,224,7,neu,hap
test,224,8,neu,hap
test,225,0,neu,hap
test,225,1,hap,hap
test,225,2,neu,hap
test,225,3,sad,hap
test,225,4,neu,neu
test,225,5,neu,hap
test,226,0,neu,neu
test,226,1,hap,hap
test,226,2,neu,hap
test,226,3,sad,hap
test,226,4,neu,hap
test,226,6,neu,hap
test,226,7,neu,neu
test,226,8,hap,hap
test,227,2,neu,hap
test,227,3,neu,hap
test,228,0,neu,neu
test,228,11,sad,hap
test,228,1,neu,hap
test,228,2,neu,hap
test,228,3,neu,hap
test,228,4,ang,hap
test,228,5,neu,hap
test,228,6,neu,hap
test,228,7,ang,hap
test,228,8,sad,hap
test,228,9,sad,hap
test,229,0,hap,hap
test,229,10,hap,hap
test,229,1,neu,hap
test,229,2,hap,hap
test,229,3,neu,hap
test,229,5,hap,hap
test,229,6,neu,hap
test,229,7,neu,hap
test,229,8,neu,hap
test,229,9,hap,hap
test,22,0,hap,hap
test,22,10,ang,hap
test,22,11,neu,hap
test,22,12,hap,hap
test,22,13,hap,hap
test,22,14,neu,hap
test,22,15,hap,hap
test,22,16,neu,hap
test,22,17,hap,hap
test,22,18,hap,hap
test,22,1,neu,hap
test,22,20,neu,hap
test,22,21,neu,neu
test,22,2,neu,neu
test,22,3,hap,hap
test,22,4,sad,hap
test,22,5,neu,hap
test,22,6,sad,hap
test,22,8,sad,hap
test,230,0,neu,hap
test,230,1,neu,hap
test,230,2,neu,hap
test,230,3,neu,hap
test,230,4,ang,hap
test,230,5,neu,hap
test,230,6,neu,hap
test,230,7,neu,hap
test,231,0,neu,hap
test,231,12,hap,hap
test,231,13,hap,hap
test,231,1,neu,hap
test,231,2,neu,hap
test,231,3,neu,neu
test,231,4,neu,hap
test,231,7,ang,hap
test,231,8,ang,hap
test,232,0,neu,hap
test,232,1,neu,hap
test,232,2,neu,hap
test,232,3,neu,hap
test,232,4,neu,hap
test,232,5,hap,hap
test,232,7,neu,hap
test,232,8,hap,hap
test,232,9,sad,neu
test,233,0,ang,hap
test,233,10,hap,hap
test,233,11,hap,hap
test,233,12,neu,hap
test,233,13,neu,neu
test,233,3,neu,hap
test,233,4,sad,hap
test,233,5,hap,hap
test,233,6,hap,hap
test,233,7,hap,hap
test,233,8,neu,hap
test,233,9,hap,hap
test,234,0,neu,neu
test,234,10,neu,neu
test,234,12,hap,hap
test,234,13,neu,hap
test,234,14,hap,hap
test,234,2,neu,hap
test,234,4,ang,hap
test,234,5,ang,hap
test,234,6,ang,hap
test,234,7,ang,hap
test,234,8,neu,hap
test,234,9,neu,hap
test,235,0,neu,neu
test,236,0,hap,neu
test,237,0,neu,hap
test,237,10,hap,hap
test,237,11,neu,hap
test,237,1,neu,neu
test,237,2,neu,hap
test,237,6,ang,hap
test,237,7,hap,hap
test,237,8,ang,hap
test,237,9,sad,hap
test,238,0,neu,hap
test,238,1,sad,hap
test,238,2,neu,hap
test,238,3,neu,neu
test,238,4,neu,hap
test,239,0,neu,hap
test,239,10,neu,neu
test,239,11,neu,hap
test,239,1,ang,hap
test,239,3,neu,hap
test,239,4,neu,hap
test,239,5,neu,hap
test,239,6,neu,hap
test,239,7,neu,hap
test,239,8,neu,hap
test,239,9,neu,neu
test,23,0,hap,hap
test,23,1,neu,hap
test,23,2,neu,hap
test,240,0,ang,hap
test,240,11,neu,hap
test,240,13,neu,hap
test,240,15,sad,hap
test,240,1,ang,hap
test,240,2,ang,hap
test,240,3,sad,neu
test,240,5,neu,hap
test,240,6,sad,hap
test,240,7,hap,hap
test,240,8,neu,hap
test,240,9,hap,hap
test,241,0,neu,neu
test,241,11,neu,hap
test,241,13,neu,neu
test,241,14,neu,neu
test,241,1,hap,neu
test,241,2,hap,hap
test,241,3,neu,hap
test,241,4,neu,neu
test,241,5,hap,neu
test,241,6,hap,neu
test,241,8,neu,neu
test,241,9,hap,hap
test,242,0,neu,hap
test,242,1,ang,neu
test,242,2,ang,hap
test,242,3,ang,hap
test,242,4,hap,hap
test,242,5,neu,hap
test,242,6,neu,hap
test,242,7,neu,neu
test,243,0,ang,hap
test,243,1,neu,hap
test,243,2,neu,neu
test,243,3,neu,hap
test,243,4,ang,hap
test,243,5,neu,hap
test,244,0,neu,hap
test,244,10,neu,hap
test,244,11,neu,hap
test,244,12,neu,hap
test,244,13,neu,hap
test,244,14,neu,hap
test,244,15,ang,hap
test,244,16,neu,neu
test,244,17,neu,hap
test,244,18,neu,hap
test,244,19,neu,hap
test,244,1,neu,hap
test,244,21,hap,hap
test,244,2,neu,neu
test,244,3,neu,neu
test,244,4,sad,neu
test,244,5,neu,neu
test,244,8,ang,hap
test,244,9,neu,hap
test,245,0,neu,hap
test,245,1,neu,neu
test,245,3,hap,hap
test,246,0,neu,neu
test,246,10,neu,hap
test,246,11,neu,hap
test,246,12,neu,hap
test,246,13,neu,hap
test,246,1,neu,hap
test,246,3,neu,hap
test,246,4,neu,hap
test,246,5,neu,neu
test,246,6,neu,hap
test,246,7,neu,hap
test,246,8,ang,hap
test,246,9,neu,neu
test,247,0,neu,hap
test,247,1,neu,neu
test,247,2,neu,hap
test,247,3,hap,hap
test,248,0,neu,neu
test,249,0,hap,neu
test,249,1,neu,hap
test,249,2,neu,hap
test,249,3,neu,hap
test,249,4,neu,hap
test,249,5,hap,hap
test,249,6,neu,neu
test,249,7,hap,hap
test,24,0,neu,hap
test,24,1,hap,hap
test,24,2,neu,hap
test,24,3,hap,hap
test,250,1,neu,hap
test,250,2,sad,hap
test,250,3,neu,hap
test,250,4,neu,neu
test,250,6,neu,hap
test,250,7,neu,hap
test,250,8,neu,hap
test,251,1,neu,hap
test,251,2,neu,hap
test,251,4,neu,hap
test,252,0,ang,hap
test,252,10,sad,neu
test,252,11,sad,neu
test,252,12,neu,hap
test,252,13,sad,hap
test,252,14,neu,hap
test,252,15,neu,hap
test,252,16,neu,hap
test,252,18,neu,hap
test,252,1,ang,hap
test,252,2,ang,neu
test,252,3,ang,hap
test,252,4,ang,hap
test,252,5,ang,hap
test,252,6,ang,hap
test,252,8,neu,hap
test,252,9,neu,hap
test,253,0,hap,hap
test,253,10,hap,hap
test,253,11,neu,hap
test,253,12,neu,hap
test,253,1,neu,hap
test,253,2,sad,hap
test,253,3,neu,hap
test,253,5,neu,hap
test,253,6,hap,hap
test,253,8,neu,hap
test,253,9,neu,hap
test,254,0,neu,hap
test,254,10,neu,neu
test,254,12,neu,hap
test,254,13,hap,hap
test,254,15,ang,neu
test,254,16,neu,hap
test,254,17,neu,neu
test,254,1,neu,neu
test,254,4,neu,hap
test,254,5,ang,hap
test,254,6,ang,hap
test,254,8,neu,neu
test,254,9,neu,hap
test,255,0,ang,neu
test,255,1,hap,hap
test,255,2,neu,hap
test,255,3,neu,hap
test,255,4,hap,neu
test,255,6,neu,hap
test,255,7,hap,hap
test,255,8,sad,hap
test,256,0,hap,hap
test,256,1,neu,hap
test,257,0,neu,hap
test,257,2,neu,hap
test,257,3,neu,hap
test,257,4,hap,hap
test,258,0,neu,hap
test,258,10,neu,hap
test,258,11,hap,hap
test,258,12,hap,hap
test,258,1,neu,hap
test,258,2,neu,hap
test,258,3,neu,hap
test,258,4,neu,hap
test,258,5,neu,neu
test,258,6,neu,hap
test,258,7,neu,neu
test,258,8,neu,hap
test,258,9,hap,hap
test,259,11,ang,hap
test,259,12,ang,hap
test,259,13,ang,hap
test,259,14,neu,hap
test,259,15,ang,neu
test,259,1,neu,hap
test,259,2,hap,hap
test,259,3,hap,hap
test,259,4,ang,hap
test,259,5,neu,hap
test,259,6,ang,hap
test,259,7,neu,hap
test,259,8,neu,hap
test,25,0,neu,hap
test,25,10,ang,hap
test,25,11,neu,neu
test,25,12,neu,hap
test,25,13,neu,hap
test,25,14,neu,hap
test,25,15,neu,neu
test,25,16,ang,neu
test,25,1,neu,hap
test,25,2,sad,neu
test,25,3,neu,neu
test,25,4,ang,neu
test,25,6,hap,neu
test,25,7,neu,hap
test,25,8,ang,hap
test,25,9,neu,hap
test,260,0,hap,hap
test,260,10,ang,hap
test,260,1,hap,hap
test,260,2,neu,hap
test,260,3,hap,neu
test,260,5,neu,hap
test,260,6,ang,hap
test,260,7,neu,neu
test,260,8,ang,hap
test,260,9,hap,hap
test,261,1,hap,hap
test,261,2,hap,neu
test,261,3,neu,hap
test,261,4,hap,neu
test,261,5,neu,hap
test,261,6,neu,neu
test,261,7,neu,hap
test,261,8,neu,neu
test,262,0,neu,neu
test,262,10,neu,hap
test,262,11,neu,hap
test,262,12,neu,hap
test,262,13,neu,neu
test,262,14,neu,hap
test,262,15,hap,hap
test,262,1,hap,hap
test,262,2,hap,neu
test,262,4,neu,neu
test,262,5,hap,neu
test,262,6,hap,hap
test,262,7,hap,hap
test,262,8,neu,neu
test,262,9,neu,hap
test,263,0,neu,hap
test,263,1,neu,hap
test,263,2,neu,hap
test,263,3,neu,neu
test,263,5,sad,hap
test,263,6,hap,hap
test,263,7,sad,hap
test,263,8,neu,hap
test,263,9,sad,hap
test,264,0,ang,hap
test,264,1,ang,hap
test,264,3,neu,hap
test,265,1,hap,hap
test,266,0,neu,hap
test,266,10,hap,hap
test,266,14,hap,hap
test,266,15,ang,hap
test,266,16,hap,hap
test,266,1,neu,neu
test,266,2,neu,hap
test,266,3,neu,hap
test,266,4,neu,hap
test,266,5,neu,hap
test,266,6,neu,hap
test,266,7,neu,hap
test,266,8,hap,hap
test,266,9,neu,hap
test,267,0,neu,hap
test,267,10,neu,neu
test,267,1,neu,hap
test,267,2,neu,hap
test,267,3,sad,hap
test,267,4,neu,hap
test,267,6,neu,hap
test,267,7,neu,hap
test,267,8,sad,hap
test,267,9,neu,hap
test,268,10,ang,hap
test,268,11,neu,hap
test,268,12,neu,hap
test,268,13,neu,neu
test,268,3,neu,neu
test,268,4,neu,neu
test,268,5,neu,neu
test,268,6,neu,hap
test,268,7,neu,hap
test,268,8,neu,hap
test,268,9,neu,hap
test,269,0,neu,hap
test,269,1,ang,hap
test,269,2,hap,hap
test,269,3,hap,hap
test,269,4,neu,hap
test,26,0,hap,hap
test,270,0,neu,neu
test,270,10,hap,hap
test,270,11,neu,hap
test,270,13,hap,hap
test,270,1,neu,hap
test,270,2,neu,neu
test,270,3,neu,hap
test,270,4,neu,hap
test,270,5,neu,hap
test,270,6,neu,hap
test,270,7,neu,hap
test,270,9,neu,hap
test,271,0,neu,hap
test,271,1,neu,hap
test,271,2,neu,hap
test,271,5,neu,hap
test,272,0,neu,hap
test,272,1,neu,neu
test,272,2,neu,hap
test,272,3,neu,hap
test,272,5,ang,hap
test,273,0,neu,neu
test,273,2,neu,neu
test,273,3,neu,hap
test,274,0,neu,hap
test,274,1,neu,hap
test,274,2,ang,hap
test,274,3,hap,hap
test,274,4,hap,neu
test,275,0,neu,hap
test,275,1,neu,hap
test,275,2,neu,neu
test,275,3,neu,hap
test,276,0,neu,hap
test,277,0,sad,hap
test,278,10,neu,hap
test,278,11,hap,hap
test,278,12,neu,hap
test,278,13,hap,hap
test,278,14,neu,hap
test,278,15,neu,hap
test,278,16,neu,hap
test,278,2,neu,hap
test,278,3,hap,hap
test,278,4,neu,hap
test,278,6,neu,hap
test,278,8,sad,hap
test,278,9,hap,neu
test,279,0,ang,hap
test,279,10,ang,hap
test,279,11,neu,hap
test,279,13,neu,hap
test,279,14,neu,hap
test,279,15,neu,hap
test,279,1,ang,neu
test,279,2,ang,hap
test,279,3,ang,hap
test,279,4,ang,hap
test,279,5,neu,hap
test,279,6,neu,hap
test,279,7,ang,hap
test,279,8,neu,neu
test,279,9,neu,hap
test,27,0,hap,hap
test,27,1,neu,hap
test,28,0,neu,hap
test,28,10,neu,hap
test,28,11,neu,hap
test,28,12,neu,hap
test,28,13,neu,hap
test,28,14,hap,hap
test,28,15,ang,neu
test,28,16,neu,hap
test,28,1,hap,hap
test,28,2,neu,hap
test,28,3,sad,hap
test,28,4,neu,hap
test,28,5,neu,hap
test,28,6,neu,hap
test,28,7,hap,hap
test,28,8,neu,hap
test,28,9,sad,neu
test,29,0,neu,hap
test,29,11,hap,hap
test,29,12,hap,neu
test,29,2,neu,hap
test,29,7,hap,hap
test,29,8,neu,hap
test,29,9,neu,hap
test,2,0,neu,neu
test,2,10,neu,hap
test,2,1,neu,hap
test,2,2,sad,hap
test,2,4,ang,hap
test,2,5,ang,hap
test,2,6,ang,hap
test,2,7,hap,hap
test,2,8,hap,hap
test,2,9,neu,hap
test,30,1,hap,hap
test,30,2,hap,hap
test,30,3,hap,hap
test,31,0,neu,hap
test,32,10,sad,neu
test,32,11,sad,neu
test,32,12,hap,hap
test,32,1,hap,hap
test,32,2,neu,hap
test,32,3,neu,neu
test,32,4,neu,hap
test,32,5,sad,hap
test,32,6,neu,hap
test,32,7,neu,hap
test,32,9,sad,hap
test,33,0,sad,hap
test,33,10,ang,hap
test,33,1,ang,hap
test,33,2,neu,hap
test,33,3,neu,hap
test,33,5,sad,hap
test,33,6,sad,hap
test,33,7,neu,hap
test,33,8,neu,hap
test,33,9,ang,hap
test,34,0,neu,hap
test,34,10,neu,hap
test,34,11,neu,hap
test,34,14,ang,hap
test,34,15,ang,hap
test,34,16,neu,hap
test,34,17,ang,hap
test,34,18,ang,neu
test,34,2,hap,hap
test,34,4,ang,hap
test,34,7,ang,hap
test,34,8,neu,hap
test,34,9,neu,hap
test,35,0,neu,hap
test,35,1,hap,neu
test,35,2,neu,hap
test,35,3,neu,neu
test,35,4,neu,hap
test,36,0,neu,neu
test,36,1,ang,hap
test,37,0,ang,hap
test,37,1,neu,hap
test,37,2,ang,hap
test,37,4,ang,hap
test,37,5,neu,hap
test,37,6,ang,neu
test,37,7,ang,hap
test,38,0,hap,hap
test,38,1,hap,hap
test,38,2,neu,hap
test,38,3,hap,hap
test,39,0,neu,hap
test,39,10,neu,hap
test,39,11,neu,hap
test,39,1,neu,hap
test,39,2,neu,hap
test,39,3,neu,hap
test,39,4,neu,hap
test,39,5,neu,hap
test,39,6,hap,hap
test,39,7,neu,hap
test,39,8,neu,hap
test,3,0,neu,neu
test,3,2,neu,hap
test,3,3,neu,hap
test,3,4,ang,hap
test,3,6,neu,hap
test,40,0,hap,hap
test,40,1,neu,hap
test,41,0,neu,hap
test,41,10,sad,hap
test,41,11,sad,hap
test,41,12,neu,hap
test,41,1,ang,hap
test,41,2,ang,hap
test,41,4,ang,hap
test,41,7,neu,hap
test,42,0,hap,neu
test,42,1,sad,neu
test,42,2,neu,hap
test,42,4,neu,neu
test,42,6,hap,neu
test,42,8,neu,hap
test,43,0,neu,hap
test,43,1,neu,hap
test,43,2,neu,neu
test,43,3,neu,neu
test,43,4,neu,hap
test,43,5,neu,hap
test,43,6,neu,neu
test,44,0,neu,hap
test,44,1,neu,hap
test,44,2,hap,hap
test,44,3,neu,hap
test,45,0,ang,hap
test,45,1,neu,hap
test,45,2,neu,hap
test,45,4,hap,hap
test,45,5,hap,hap
test,45,6,ang,hap
test,45,7,neu,hap
test,45,8,neu,hap
test,46,0,hap,hap
test,46,1,hap,hap
test,46,2,hap,hap
test,46,3,hap,hap
test,46,4,hap,hap
test,46,5,hap,hap
test,46,6,neu,hap
test,46,7,hap,hap
test,46,8,hap,hap
test,47,0,sad,hap
test,47,10,neu,neu
test,47,11,neu,hap
test,47,12,neu,hap
test,47,13,neu,hap
test,47,1,sad,hap
test,47,2,sad,hap
test,47,3,neu,hap
test,47,4,neu,hap
test,47,5,neu,hap
test,47,6,sad,hap
test,47,7,neu,neu
test,47,8,neu,neu
test,47,9,neu,neu
test,48,0,neu,hap
test,48,1,neu,hap
test,48,2,neu,hap
test,48,3,hap,neu
test,48,4,hap,hap
test,48,5,hap,hap
test,48,6,hap,neu
test,49,0,hap,hap
test,49,10,neu,hap
test,49,11,hap,hap
test,49,13,neu,hap
test,49,14,hap,hap
test,49,15,neu,hap
test,49,16,neu,hap
test,49,1,hap,hap
test,49,2,neu,neu
test,49,3,neu,hap
test,49,4,neu,hap
test,49,5,neu,hap
test,49,6,neu,hap
test,49,7,neu,hap
test,49,8,neu,hap
test,49,9,hap,hap
test,4,1,neu,hap
test,4,4,neu,hap
test,4,7,ang,hap
test,4,8,neu,hap
test,50,0,neu,hap
test,50,1,neu,hap
test,50,3,neu,hap
test,51,0,hap,neu
test,51,1,hap,neu
test,51,2,neu,neu
test,52,0,neu,neu
test,52,10,ang,hap
test,52,11,ang,hap
test,52,2,neu,hap
test,52,4,neu,hap
test,52,5,neu,hap
test,52,6,neu,hap
test,52,9,neu,hap
test,53,10,neu,hap
test,53,11,hap,neu
test,53,12,hap,hap
test,53,1,neu,neu
test,53,2,hap,hap
test,53,3,hap,hap
test,53,4,hap,hap
test,53,5,neu,hap
test,53,6,sad,hap
test,53,7,sad,hap
test,53,9,hap,hap
test,54,0,neu,hap
test,54,10,sad,hap
test,54,11,sad,hap
test,54,1,neu,hap
test,54,2,neu,hap
test,54,3,ang,hap
test,54,4,neu,hap
test,54,6,neu,neu
test,54,7,ang,hap
test,54,8,neu,hap
test,54,9,neu,hap
test,55,0,neu,hap
test,55,1,neu,hap
test,55,2,hap,hap
test,56,0,sad,hap
test,56,11,hap,neu
test,56,1,neu,hap
test,56,2,hap,neu
test,56,3,neu,neu
test,56,4,ang,neu
test,56,5,hap,hap
test,56,6,neu,hap
test,56,7,hap,hap
test,56,8,hap,hap
test,56,9,neu,hap
test,57,0,neu,hap
test,57,1,hap,hap
test,57,2,hap,hap
test,57,3,neu,neu
test,57,4,hap,hap
test,58,0,hap,neu
test,58,10,sad,neu
test,58,11,neu,hap
test,58,12,hap,hap
test,58,13,hap,hap
test,58,14,neu,hap
test,58,15,neu,hap
test,58,16,sad,hap
test,58,1,hap,hap
test,58,2,hap,hap
test,58,3,hap,hap
test,58,4,neu,hap
test,58,5,neu,hap
test,58,6,neu,hap
test,58,9,sad,hap
test,59,0,neu,hap
test,59,1,neu,hap
test,59,2,ang,hap
test,5,0,ang,hap
test,5,1,neu,hap
test,5,2,neu,neu
test,5,3,neu,hap
test,5,4,neu,hap
test,5,5,neu,hap
test,5,6,neu,hap
test,5,7,neu,hap
test,5,8,neu,neu
test,60,1,neu,hap
test,60,2,hap,hap
test,60,4,sad,hap
test,60,5,ang,hap
test,60,6,ang,hap
test,62,0,neu,hap
test,62,1,ang,hap
test,63,0,neu,hap
test,63,1,neu,hap
test,64,0,ang,hap
test,64,10,neu,hap
test,64,11,neu,hap
test,64,12,sad,hap
test,64,13,neu,neu
test,64,15,neu,hap
test,64,16,neu,neu
test,64,1,neu,hap
test,64,2,ang,hap
test,64,3,ang,neu
test,64,4,ang,hap
test,64,5,neu,hap
test,64,6,neu,neu
test,64,7,neu,neu
test,64,8,neu,neu
test,64,9,neu,neu
test,65,0,neu,hap
test,65,1,neu,hap
test,65,2,neu,hap
test,65,5,neu,neu
test,65,6,ang,hap
test,65,7,neu,hap
test,65,8,neu,hap
test,65,9,ang,hap
test,66,0,neu,neu
test,66,1,hap,neu
test,66,2,hap,neu
test,66,3,neu,hap
test,66,4,hap,hap
test,67,0,neu,hap
test,67,1,neu,hap
test,67,2,neu,hap
test,67,3,hap,hap
test,68,0,ang,hap
test,68,10,neu,neu
test,68,11,ang,hap
test,68,12,hap,hap
test,68,13,hap,neu
test,68,14,neu,neu
test,68,1,ang,hap
test,68,2,neu,hap
test,68,3,sad,hap
test,68,4,neu,hap
test,68,5,ang,hap
test,68,6,neu,hap
test,68,7,hap,hap
test,68,8,neu,neu
test,68,9,hap,hap
test,69,0,ang,hap
test,69,1,ang,hap
test,69,2,neu,neu
test,69,3,neu,hap
test,69,4,neu,hap
test,69,5,hap,neu
test,6,0,neu,hap
test,6,1,neu,hap
test,70,0,neu,hap
test,70,11,ang,hap
test,70,12,ang,hap
test,70,13,ang,neu
test,70,14,ang,hap
test,70,15,sad,hap
test,70,16,sad,hap
test,70,17,hap,hap
test,70,18,neu,hap
test,70,19,neu,hap
test,70,1,neu,hap
test,70,20,neu,hap
test,70,21,neu,hap
test,70,22,hap,hap
test,70,2,neu,hap
test,70,3,neu,hap
test,70,4,neu,hap
test,70,5,neu,hap
test,70,6,neu,neu
test,70,7,neu,hap
test,70,8,sad,hap
test,71,0,hap,hap
test,71,10,neu,hap
test,71,11,neu,hap
test,71,12,hap,hap
test,71,1,neu,hap
test,71,2,hap,hap
test,71,4,hap,hap
test,71,7,neu,hap
test,71,8,neu,hap
test,71,9,neu,hap
test,72,0,neu,hap
test,72,10,ang,hap
test,72,11,ang,hap
test,72,12,neu,hap
test,72,13,ang,hap
test,72,14,neu,hap
test,72,15,neu,hap
test,72,1,hap,hap
test,72,2,ang,hap
test,72,3,ang,hap
test,72,4,ang,neu
test,72,5,ang,hap
test,72,6,ang,hap
test,72,7,ang,hap
test,72,8,ang,hap
test,72,9,ang,hap
test,73,10,ang,hap
test,73,1,neu,hap
test,73,2,ang,hap
test,73,3,neu,neu
test,73,4,neu,neu
test,73,5,neu,neu
test,73,6,neu,hap
test,73,7,hap,neu
test,73,8,ang,hap
test,73,9,neu,hap
test,74,0,hap,hap
test,74,1,neu,hap
test,74,2,neu,neu
test,74,3,neu,hap
test,74,4,neu,hap
test,75,0,neu,neu
test,75,1,neu,neu
test,75,2,neu,hap
test,75,3,neu,neu
test,75,4,ang,hap
test,75,5,neu,hap
test,76,0,neu,neu
test,76,10,neu,hap
test,76,11,neu,hap
test,76,12,neu,hap
test,76,13,neu,hap
test,76,14,neu,hap
test,76,15,neu,hap
test,76,16,hap,hap
test,76,17,neu,hap
test,76,18,hap,hap
test,76,1,neu,hap
test,76,2,neu,hap
test,76,3,neu,hap
test,76,4,neu,hap
test,76,5,neu,hap
test,76,6,neu,hap
test,76,7,neu,hap
test,76,9,neu,hap
test,77,1,neu,hap
test,77,2,ang,hap
test,77,3,ang,hap
test,77,4,sad,neu
test,78,0,sad,hap
test,78,1,neu,hap
test,78,2,neu,neu
test,78,3,neu,neu
test,78,4,neu,hap
test,78,5,neu,neu
test,78,6,neu,hap
test,78,7,hap,hap
test,78,8,hap,hap
test,78,9,hap,hap
test,79,0,neu,hap
test,79,1,neu,hap
test,7,0,neu,hap
test,7,1,neu,neu
test,7,2,neu,hap
test,7,3,neu,hap
test,7,5,neu,hap
test,7,7,neu,hap
test,7,8,neu,hap
test,80,0,ang,hap
test,80,1,ang,neu
test,80,3,ang,hap
test,80,4,ang,hap
test,80,5,neu,hap
test,80,6,neu,hap
test,80,7,ang,hap
test,80,8,neu,neu
test,80,9,neu,hap
test,81,0,hap,hap
test,81,1,neu,hap
test,82,0,neu,hap
test,83,0,neu,hap
test,83,10,ang,hap
test,83,1,neu,hap
test,83,2,neu,hap
test,83,3,neu,neu
test,83,4,hap,neu
test,83,5,ang,hap
test,83,7,sad,hap
test,83,8,neu,hap
test,83,9,sad,hap
test,84,0,ang,hap
test,84,1,ang,neu
test,84,2,sad,hap
test,85,0,neu,neu
test,85,2,ang,hap
test,85,3,ang,hap
test,85,5,ang,hap
test,86,0,neu,hap
test,86,1,neu,hap
test,86,2,neu,hap
test,86,3,neu,hap
test,86,4,neu,hap
test,86,6,hap,hap
test,87,0,neu,hap
test,87,1,neu,hap
test,88,0,hap,hap
test,88,10,neu,hap
test,88,12,hap,hap
test,88,13,neu,hap
test,88,1,hap,hap
test,88,3,ang,neu
test,88,4,neu,hap
test,88,5,neu,hap
test,88,6,ang,hap
test,88,7,neu,hap
test,88,8,sad,hap
test,88,9,hap,hap
test,89,0,neu,hap
test,89,1,neu,hap
test,8,0,sad,hap
test,8,1,hap,hap
test,8,2,neu,hap
test,8,4,neu,hap
test,8,5,neu,hap
test,8,6,hap,hap
test,90,0,neu,hap
test,90,1,ang,neu
test,90,3,sad,hap
test,90,4,sad,hap
test,90,5,sad,hap
test,91,0,neu,hap
test,92,0,hap,hap
test,92,1,neu,hap
test,92,2,neu,hap
test,92,3,hap,neu
test,92,4,hap,hap
test,93,0,sad,hap
test,93,10,neu,neu
test,93,11,neu,hap
test,93,12,ang,hap
test,93,13,neu,hap
test,93,14,neu,neu
test,93,15,neu,hap
test,93,1,sad,hap
test,93,2,neu,hap
test,93,3,neu,hap
test,93,4,neu,hap
test,93,8,neu,hap
test,93,9,neu,hap
test,94,1,neu,hap
test,94,2,neu,hap
test,95,10,neu,hap
test,95,12,hap,neu
test,95,13,hap,hap
test,95,14,hap,hap
test,95,15,hap,hap
test,95,16,neu,hap
test,95,18,neu,hap
test,95,19,hap,hap
test,95,1,hap,hap
test,95,3,neu,neu
test,95,5,ang,hap
test,95,6,neu,neu
test,95,7,hap,hap
test,95,8,hap,hap
test,95,9,ang,hap
test,96,0,neu,hap
test,96,10,neu,hap
test,96,11,neu,hap
test,96,13,neu,hap
test,96,15,neu,hap
test,96,16,neu,neu
test,96,17,neu,hap
test,96,18,neu,hap
test,96,19,neu,hap
test,96,1,neu,neu
test,96,20,neu,hap
test,96,2,hap,hap
test,96,4,hap,hap
test,96,5,neu,hap
test,96,6,ang,neu
test,96,8,neu,hap
test,96,9,ang,hap
test,97,0,hap,hap
test,97,10,neu,hap
test,97,11,hap,neu
test,97,1,hap,hap
test,97,2,neu,hap
test,97,3,neu,hap
test,97,4,neu,hap
test,97,5,neu,hap
test,97,6,neu,hap
test,97,7,neu,hap
test,97,9,neu,hap
test,98,10,neu,hap
test,98,11,neu,hap
test,98,1,ang,hap
test,98,3,ang,hap
test,98,4,ang,hap
test,98,5,ang,hap
test,98,6,ang,hap
test,98,7,ang,hap
test,98,8,ang,hap
test,98,9,neu,neu
test,99,0,neu,neu
test,99,1,neu,hap
test,99,2,neu,neu
test,99,3,neu,hap
test,99,4,neu,hap
test,99,5,neu,hap
test,99,6,neu,hap
test,99,7,neu,hap
test,99,8,neu,neu
test,9,10,neu,hap
test,9,11,sad,hap
test,9,12,neu,hap
test,9,13,ang,hap
test,9,14,neu,hap
test,9,15,hap,hap
test,9,16,neu,hap
test,9,17,neu,hap
test,9,1,neu,hap
test,9,2,sad,hap
test,9,5,neu,hap
test,9,7,ang,hap
test,9,8,sad,hap
test,9,9,sad,hap
test,100,10,sad,neu
test,100,11,neu,hap
test,100,16,neu,hap
test,100,17,neu,neu
test,100,1,neu,neu
test,100,5,sad,neu
test,100,6,sad,hap
test,100,7,neu,neu
test,101,0,hap,hap
test,101,2,sad,hap
test,102,7,sad,hap
test,103,0,hap,neu
test,12,11,hap,hap
test,12,13,neu,hap
test,12,3,ang,hap
test,14,1,hap,hap
test,14,2,hap,neu
test,14,6,hap,hap
test,15,3,neu,neu
test,17,20,neu,hap
test,1,0,neu,neu
test,1,6,hap,neu
test,22,0,hap,hap
test,22,13,hap,hap
test,22,15,hap,hap
test,22,20,neu,hap
test,24,0,neu,neu
test,25,14,neu,hap
test,25,2,sad,neu
test,25,3,neu,hap
test,27,0,hap,hap
test,28,0,neu,hap
test,28,3,sad,neu
test,28,5,neu,neu
test,28,8,neu,hap
test,29,8,neu,hap
test,2,6,ang,hap
test,2,9,neu,hap
test,32,2,neu,hap
test,33,7,neu,hap
test,35,0,neu,hap
test,44,0,neu,hap
test,46,0,hap,hap
test,46,2,hap,hap
test,47,3,neu,hap
test,47,8,neu,hap
test,47,9,neu,neu
test,48,3,hap,neu
test,48,5,hap,hap
test,49,0,hap,neu
test,49,8,neu,neu
test,49,9,hap,hap
test,4,1,neu,neu
test,51,0,hap,neu
test,52,5,neu,neu
test,54,10,sad,hap
test,56,3,neu,hap
test,58,0,hap,neu
test,58,11,neu,hap
test,58,6,neu,neu
test,5,1,neu,neu
test,5,3,neu,neu
test,60,2,hap,hap
test,63,0,neu,hap
test,64,4,ang,hap
test,65,7,neu,neu
test,66,3,neu,neu
test,68,12,hap,hap
test,69,1,ang,hap
test,70,12,ang,hap
test,70,1,neu,hap
test,70,3,neu,hap
test,70,6,neu,hap
test,71,1,neu,neu
test,71,4,hap,hap
test,72,0,neu,hap
test,72,10,ang,hap
test,72,12,neu,hap
test,72,1,hap,hap
test,72,2,ang,hap
test,72,3,ang,hap
test,72,6,ang,hap
test,72,7,ang,hap
test,73,4,neu,hap
test,76,3,neu,neu
test,76,5,neu,hap
test,78,4,neu,hap
test,79,0,neu,hap
test,80,0,ang,hap
test,80,7,ang,hap
test,83,2,neu,hap
test,86,0,neu,hap
test,88,4,neu,hap
test,88,8,sad,neu
test,8,2,neu,hap
test,93,13,neu,hap
test,93,4,neu,hap
test,93,8,neu,hap
test,93,9,neu,hap
test,95,10,neu,neu
test,95,14,hap,neu
test,95,1,hap,hap
test,95,5,ang,hap
test,96,0,neu,neu
test,96,5,neu,hap
test,97,4,neu,hap
test,98,3,ang,hap
test,98,6,ang,hap
test,98,8,ang,hap
dev,0,0,sad,hap
dev,100,0,neu,hap
dev,101,0,sad,hap
dev,102,0,neu,hap
dev,102,1,neu,hap
dev,103,0,neu,hap
dev,103,1,sad,hap
dev,103,2,hap,hap
dev,103,3,neu,hap
dev,103,4,hap,hap
dev,104,0,hap,hap
dev,104,1,sad,hap
dev,105,0,neu,neu
dev,105,1,neu,neu
dev,106,0,neu,hap
dev,106,1,neu,hap
dev,106,2,neu,hap
dev,106,3,neu,hap
dev,106,4,hap,neu
dev,106,5,neu,hap
dev,107,0,neu,hap
dev,107,1,neu,hap
dev,108,3,ang,hap
dev,108,4,ang,hap
dev,108,5,ang,hap
dev,108,6,ang,hap
dev,109,0,neu,hap
dev,109,1,hap,hap
dev,109,3,sad,hap
dev,109,4,ang,neu
dev,109,5,neu,neu
dev,109,6,neu,hap
dev,109,7,neu,hap
dev,10,0,neu,neu
dev,10,1,neu,neu
dev,10,3,hap,hap
dev,10,4,ang,hap
dev,10,5,ang,hap
dev,110,0,neu,hap
dev,110,1,neu,neu
dev,110,2,neu,hap
dev,110,3,neu,hap
dev,110,4,neu,hap
dev,110,5,hap,hap
dev,111,0,ang,neu
dev,111,1,neu,hap
dev,111,2,neu,neu
dev,112,0,ang,hap
dev,112,1,sad,hap
dev,112,2,neu,hap
dev,112,3,sad,hap
dev,112,4,neu,hap
dev,113,0,neu,hap
dev,113,10,sad,hap
dev,113,1,sad,hap
dev,113,2,neu,neu
dev,113,3,sad,neu
dev,113,4,neu,hap
dev,113,5,neu,hap
dev,113,7,neu,hap
dev,113,8,sad,hap
dev,113,9,sad,hap
dev,11,0,neu,hap
dev,11,1,neu,hap
dev,11,2,neu,neu
dev,11,4,ang,neu
dev,11,6,neu,neu
dev,11,8,ang,hap
dev,11,9,neu,hap
dev,12,0,neu,hap
dev,12,1,neu,hap
dev,12,2,neu,hap
dev,12,4,sad,hap
dev,13,0,neu,hap
dev,13,1,ang,hap
dev,13,2,hap,hap
dev,13,3,hap,hap
dev,14,0,hap,neu
dev,14,1,neu,hap
dev,14,2,neu,hap
dev,14,3,neu,neu
dev,14,4,ang,neu
dev,14,5,sad,hap
dev,15,0,hap,hap
dev,15,1,hap,neu
dev,15,3,neu,neu
dev,15,5,neu,hap
dev,16,0,neu,neu
dev,16,1,sad,hap
dev,16,3,hap,hap
dev,16,4,ang,neu
dev,16,5,neu,neu
dev,17,0,ang,hap
dev,17,1,ang,hap
dev,17,2,ang,hap
dev,17,3,ang,hap
dev,17,4,ang,neu
dev,18,0,neu,hap
dev,18,10,ang,hap
dev,18,1,neu,neu
dev,18,2,neu,neu
dev,18,3,neu,hap
dev,18,9,neu,hap
dev,19,0,neu,hap
dev,19,1,ang,neu
dev,1,0,neu,neu
dev,1,1,hap,neu
dev,1,2,sad,hap
dev,1,3,neu,hap
dev,1,4,neu,neu
dev,1,5,hap,neu
dev,1,8,neu,hap
dev,20,0,neu,hap
dev,20,1,neu,hap
dev,20,2,hap,hap
dev,20,3,neu,hap
dev,21,0,neu,hap
dev,21,1,neu,hap
dev,21,2,neu,hap
dev,21,3,neu,hap
dev,21,4,neu,hap
dev,21,5,neu,hap
dev,22,0,neu,hap
dev,22,1,neu,hap
dev,22,2,neu,hap
dev,23,0,neu,hap
dev,23,1,sad,hap
dev,23,2,sad,hap
dev,23,4,sad,hap
dev,23,7,sad,hap
dev,23,8,neu,hap
dev,24,0,neu,hap
dev,24,1,neu,hap
dev,24,2,sad,hap
dev,24,3,neu,hap
dev,24,4,hap,hap
dev,24,5,neu,hap
dev,24,6,neu,hap
dev,24,7,ang,hap
dev,25,0,ang,neu
dev,25,2,ang,hap
dev,25,3,ang,neu
dev,25,4,sad,hap
dev,25,5,ang,hap
dev,26,0,neu,hap
dev,26,10,sad,hap
dev,26,11,sad,hap
dev,26,12,ang,hap
dev,26,13,ang,hap
dev,26,3,neu,hap
dev,26,4,neu,hap
dev,26,5,neu,hap
dev,26,7,sad,hap
dev,26,8,ang,hap
dev,26,9,sad,hap
dev,27,1,neu,hap
dev,28,0,neu,hap
dev,28,1,sad,hap
dev,28,2,hap,hap
dev,28,3,neu,hap
dev,28,4,neu,hap
dev,28,5,sad,hap
dev,28,6,sad,hap
dev,28,7,hap,hap
dev,29,0,ang,hap
dev,29,10,hap,hap
dev,29,1,neu,hap
dev,29,2,sad,hap
dev,29,3,sad,neu
dev,29,4,neu,hap
dev,29,6,neu,hap
dev,29,7,neu,hap
dev,29,8,ang,hap
dev,29,9,ang,hap
dev,2,0,neu,hap
dev,2,4,hap,neu
dev,2,5,neu,neu
dev,30,10,hap,hap
dev,30,11,neu,hap
dev,30,12,neu,neu
dev,30,13,ang,neu
dev,30,14,ang,hap
dev,30,15,ang,hap
dev,30,3,sad,hap
dev,30,4,ang,hap
dev,30,6,neu,hap
dev,30,7,neu,hap
dev,30,8,hap,hap
dev,30,9,hap,hap
dev,31,0,sad,hap
dev,31,2,sad,hap
dev,31,3,neu,hap
dev,32,0,neu,hap
dev,32,10,neu,neu
dev,32,11,neu,hap
dev,32,12,neu,hap
dev,32,13,neu,hap
dev,32,1,neu,hap
dev,32,3,neu,hap
dev,32,4,neu,neu
dev,32,5,neu,neu
dev,32,6,neu,neu
dev,32,7,neu,neu
dev,32,8,neu,hap
dev,32,9,ang,hap
dev,33,0,sad,neu
dev,33,1,neu,hap
dev,34,0,neu,hap
dev,34,10,hap,hap
dev,34,1,neu,hap
dev,34,2,neu,hap
dev,34,3,neu,hap
dev,34,4,neu,hap
dev,34,5,neu,hap
dev,34,8,sad,hap
dev,34,9,neu,hap
dev,35,0,neu,hap
dev,36,1,neu,hap
dev,36,2,neu,hap
dev,36,3,neu,hap
dev,36,4,neu,hap
dev,36,5,sad,neu
dev,37,0,neu,hap
dev,38,0,ang,hap
dev,39,0,neu,hap
dev,39,1,hap,hap
dev,39,2,hap,hap
dev,3,0,neu,hap
dev,3,1,hap,hap
dev,40,10,hap,neu
dev,40,1,neu,hap
dev,40,3,neu,hap
dev,40,6,ang,hap
dev,40,7,neu,hap
dev,40,9,sad,hap
dev,41,0,neu,hap
dev,41,1,neu,hap
dev,41,2,neu,hap
dev,42,0,ang,hap
dev,42,1,ang,hap
dev,43,0,neu,hap
dev,43,1,neu,hap
dev,44,0,sad,hap
dev,44,1,ang,hap
dev,44,2,neu,hap
dev,45,0,neu,hap
dev,45,1,neu,hap
dev,45,2,neu,hap
dev,45,4,neu,hap
dev,46,0,neu,hap
dev,46,1,neu,hap
dev,46,2,neu,hap
dev,46,3,neu,hap
dev,46,6,neu,hap
dev,46,7,neu,hap
dev,46,9,neu,hap
dev,47,0,neu,hap
dev,47,1,neu,neu
dev,47,2,neu,neu
dev,47,3,neu,hap
dev,47,4,neu,hap
dev,47,6,hap,neu
dev,47,8,neu,neu
dev,48,0,neu,hap
dev,49,0,ang,hap
dev,49,10,ang,hap
dev,49,11,ang,hap
dev,49,12,neu,hap
dev,49,13,ang,neu
dev,49,14,neu,hap
dev,49,2,ang,hap
dev,49,3,ang,hap
dev,49,6,ang,neu
dev,49,7,ang,hap
dev,49,8,neu,hap
dev,49,9,ang,neu
dev,4,0,neu,neu
dev,4,10,neu,hap
dev,4,14,neu,neu
dev,4,1,neu,neu
dev,4,3,neu,neu
dev,4,4,neu,hap
dev,4,5,neu,neu
dev,4,6,ang,neu
dev,4,7,neu,hap
dev,4,8,neu,hap
dev,50,2,ang,neu
dev,50,3,neu,neu
dev,51,0,neu,neu
dev,51,1,hap,neu
dev,51,2,neu,hap
dev,51,3,neu,hap
dev,51,4,neu,hap
dev,51,5,neu,hap
dev,51,6,ang,hap
dev,52,0,neu,neu
dev,52,1,hap,hap
dev,52,2,neu,hap
dev,53,0,hap,hap
dev,53,1,neu,hap
dev,53,2,hap,hap
dev,53,3,neu,hap
dev,53,4,neu,hap
dev,53,5,neu,neu
dev,53,6,neu,hap
dev,53,7,hap,hap
dev,53,8,hap,hap
dev,54,0,neu,hap
dev,54,10,sad,hap
dev,54,12,neu,hap
dev,54,1,neu,hap
dev,54,2,hap,hap
dev,54,3,neu,hap
dev,54,4,neu,hap
dev,54,6,neu,hap
dev,54,7,neu,hap
dev,54,8,sad,hap
dev,55,0,sad,hap
dev,56,0,ang,hap
dev,56,1,sad,hap
dev,56,2,sad,hap
dev,56,3,neu,hap
dev,56,4,sad,hap
dev,56,5,ang,hap
dev,56,6,ang,hap
dev,57,1,neu,hap
dev,57,2,neu,hap
dev,57,3,hap,hap
dev,58,0,neu,hap
dev,58,2,neu,hap
dev,58,3,neu,neu
dev,58,5,hap,hap
dev,58,7,hap,hap
dev,58,8,neu,hap
dev,58,9,neu,hap
dev,59,0,neu,hap
dev,59,1,neu,neu
dev,59,2,neu,hap
dev,59,3,neu,hap
dev,59,4,neu,hap
dev,5,0,ang,hap
dev,5,2,ang,hap
dev,5,3,ang,hap
dev,61,0,hap,hap
dev,61,1,hap,hap
dev,61,2,neu,hap
dev,61,3,neu,hap
dev,61,4,neu,hap
dev,61,5,hap,hap
dev,62,0,neu,hap
dev,62,1,hap,hap
dev,62,3,neu,hap
dev,62,5,neu,neu
dev,63,0,hap,hap
dev,63,1,neu,hap
dev,63,2,ang,hap
dev,63,3,hap,hap
dev,63,4,hap,hap
dev,63,5,sad,hap
dev,63,6,neu,hap
dev,63,7,neu,hap
dev,64,1,hap,hap
dev,64,2,neu,neu
dev,64,3,neu,neu
dev,64,4,neu,hap
dev,65,0,hap,hap
dev,65,1,neu,neu
dev,65,2,hap,hap
dev,65,3,neu,hap
dev,66,11,neu,hap
dev,66,1,neu,hap
dev,66,2,neu,hap
dev,66,4,ang,hap
dev,66,5,sad,neu
dev,66,6,neu,hap
dev,66,7,neu,hap
dev,66,8,neu,hap
dev,67,0,hap,neu
dev,67,10,neu,hap
dev,67,1,hap,neu
dev,67,2,neu,neu
dev,67,3,hap,hap
dev,67,5,neu,hap
dev,67,6,neu,hap
dev,67,7,neu,neu
dev,67,8,neu,neu
dev,68,0,hap,hap
dev,68,1,neu,hap
dev,68,2,neu,hap
dev,69,0,hap,neu
dev,69,1,sad,hap
dev,69,2,neu,hap
dev,69,3,neu,neu
dev,69,4,hap,hap
dev,69,5,neu,hap
dev,69,6,neu,hap
dev,6,0,hap,hap
dev,6,1,neu,hap
dev,6,2,neu,hap
dev,6,3,neu,neu
dev,6,5,sad,hap
dev,6,6,neu,hap
dev,6,7,neu,hap
dev,70,0,ang,hap
dev,70,1,neu,hap
dev,70,2,hap,hap
dev,70,3,hap,hap
dev,70,4,hap,hap
dev,71,0,hap,neu
dev,71,1,neu,neu
dev,72,0,ang,neu
dev,72,1,sad,hap
dev,72,2,ang,hap
dev,72,3,neu,neu
dev,72,4,neu,neu
dev,72,6,ang,neu
dev,72,7,ang,neu
dev,73,0,ang,hap
dev,73,1,ang,neu
dev,73,2,ang,neu
dev,74,0,hap,hap
dev,74,1,neu,hap
dev,74,2,hap,hap
dev,74,3,sad,neu
dev,74,5,neu,hap
dev,74,6,neu,hap
dev,75,0,neu,neu
dev,76,0,hap,hap
dev,76,2,neu,hap
dev,76,3,neu,hap
dev,76,4,hap,hap
dev,76,5,neu,hap
dev,76,6,hap,hap
dev,76,7,hap,hap
dev,77,2,neu,neu
dev,77,3,hap,hap
dev,77,4,neu,hap
dev,78,0,hap,hap
dev,78,1,neu,hap
dev,78,2,neu,neu
dev,78,3,ang,neu
dev,78,4,hap,neu
dev,79,0,hap,hap
dev,79,2,neu,hap
dev,79,3,neu,hap
dev,79,4,hap,hap
dev,79,5,hap,hap
dev,79,6,neu,hap
dev,79,7,sad,hap
dev,7,0,hap,neu
dev,7,1,hap,hap
dev,80,0,neu,hap
dev,80,1,neu,hap
dev,80,2,neu,hap
dev,80,3,neu,hap
dev,80,5,neu,neu
dev,81,0,hap,hap
dev,81,1,neu,neu
dev,81,2,hap,neu
dev,82,0,hap,hap
dev,82,10,neu,hap
dev,82,11,neu,hap
dev,82,1,ang,hap
dev,82,2,neu,hap
dev,82,3,ang,hap
dev,82,4,neu,hap
dev,82,5,ang,hap
dev,82,7,neu,hap
dev,82,9,neu,hap
dev,83,0,ang,hap
dev,83,2,hap,hap
dev,84,2,neu,hap
dev,84,4,sad,neu
dev,84,5,sad,neu
dev,84,6,neu,hap
dev,85,0,neu,neu
dev,85,1,hap,hap
dev,85,2,neu,hap
dev,85,3,neu,neu
dev,85,4,hap,hap
dev,86,0,neu,hap
dev,86,1,neu,hap
dev,86,2,neu,hap
dev,86,3,neu,hap
dev,87,0,neu,hap
dev,87,1,neu,hap
dev,87,2,neu,neu
dev,87,3,neu,hap
dev,87,4,hap,hap
dev,88,1,neu,hap
dev,88,3,sad,hap
dev,89,10,neu,hap
dev,89,1,ang,neu
dev,89,4,neu,hap
dev,89,5,sad,hap
dev,89,6,sad,hap
dev,89,7,sad,hap
dev,89,8,hap,hap
dev,89,9,neu,hap
dev,8,0,neu,hap
dev,8,1,neu,hap
dev,8,2,neu,hap
dev,8,3,neu,hap
dev,8,4,neu,hap
dev,8,5,neu,neu
dev,8,6,neu,neu
dev,90,0,hap,hap
dev,93,0,sad,hap
dev,93,1,neu,hap
dev,93,2,neu,hap
dev,93,3,sad,hap
dev,93,4,neu,hap
dev,93,5,neu,neu
dev,93,6,sad,hap
dev,93,7,sad,neu
dev,94,0,neu,neu
dev,94,10,neu,hap
dev,94,11,ang,hap
dev,94,1,hap,hap
dev,94,3,neu,hap
dev,94,4,neu,hap
dev,94,5,hap,hap
dev,94,6,neu,hap
dev,94,8,neu,hap
dev,94,9,ang,hap
dev,95,0,ang,hap
dev,95,10,neu,hap
dev,95,1,neu,neu
dev,95,2,ang,hap
dev,95,3,neu,hap
dev,95,4,neu,hap
dev,95,6,ang,hap
dev,95,8,ang,hap
dev,95,9,neu,hap
dev,96,0,neu,hap
dev,96,1,neu,hap
dev,96,3,hap,hap
dev,97,0,hap,hap
dev,97,1,hap,neu
dev,97,2,neu,hap
dev,97,3,hap,hap
dev,99,0,hap,neu
dev,99,1,neu,neu
dev,99,2,hap,hap
dev,99,4,hap,hap
dev,99,7,neu,hap
dev,99,8,neu,neu
dev,9,0,neu,hap
dev,9,1,sad,hap
dev,9,2,neu,hap
dev,9,3,hap,hap
dev,9,4,neu,hap
dev,9,5,neu,hap
dev,9,6,neu,hap
dev,9,7,neu,hap
